0	2012	B and N doping in graphene ruled by grain boundary defects
0	2011	B(0) field inhomogeneity considerations in pseudo-continuous arterial spin labeling (pCASL): effects on tagging efficiency and correction strategy.
0	2012	B-CALM: An open-source GPU-based 3D-FDTD with multi-pole dispersion for plasmonics
2	2011	Back to black
3	2011	Backbone Fragility and the Local Search Cost Peak
3	2012	Background and Purpose
3	2012	Background Modeling Using Adaptive Pixelwise Kernel Variances in a Hybrid Feature Space
4	2011	Background-free detection of single 5 nm nanoparticles through interferometric cross-polarization microscopy.
4	2011	Backhaul Design and Controller Placement for Cooperative Mobile Access Networks
4	2011	Backscatter tolerant squeezed light source for advanced gravitational-wave detectors.
7	2011	Bacterial biofilm shows persistent resistance to liquid wetting and gas penetration
7	2011	Bacterial cellulose nanocrystals exhibiting high thermal stability and their polymer nanocomposites.
7	2011	Bacterial community reconstruction using compressed sensing.
7	2011	Bacterial Killing by Dry Metallic Copper Surfaces
8	2011	Bag-of-colors for Improved Image Search
9	2011	Balance between the physical diffusion and the exchange reaction on binary ionic liquid electrolyte for dye-sensitized solar cells
10	2012	Balanced Input Allows Optimal Encoding in a Stochastic Binary Neural Network Model: An Analytical Study
11	2011	Balancing energy, latency and accuracy for mobile sensor data classification
12	2011	Ball lightning plasma and plasma arc formation during the microwave heating of carbons
13	2011	Ballistic transport in GaN/AlGaN resonant tunneling diodes
13	2011	Ballistic transport in InGaN-based LEDs: impact on efficiency
13	2011	Ballistic transport of graphene pnp junctions with embedded local gates
13	2011	Bambino: a variant detector and alignment viewer for next-generation sequencing data in the SAM/BAM format.
13	2011	BamTools: a C++ API and toolkit for analyzing and managing BAM files.
14	2011	Band bending in conjugated polymer layers.
14	2011	Band gap in graphene induced by vacuum fluctuations
15	2011	Band gap opening by two-dimensional manifestation of peierls instability in graphene.
15	2011	Band offsets of polar and nonpolar GaN/ZnO heterostructures determined by synchrotron radiation photoemission spectroscopy
16	2011	Band structure engineering in (Bi(1-x)Sb(x))(2)Te(3) ternary topological insulators.
17	2011	Band-gap transition induced by interlayer van der Waals interaction in MoS_2
17	2012	Band-like transport in strongly-coupled and doped quantum dot solids: A route to high-performance thin-film electronics
17	2011	Band-like transport, high electron mobility and high photoconductivity in all-inorganic nanocrystal arrays.
18	2011	BandClust: An Unsupervised Band Reduction Method for Hyperspectral Remote Sensing
18	2011	Bandgap engineering of graphene by physisorbed adsorbates.
18	2011	Bandgap opening in graphene antidot lattices: the missing half.
19	2012	Bandlike transport in strongly coupled and doped quantum dot solids: a route to high-performance thin-film electronics.
20	2011	Bandwidth Enhancement for a 60 GHz Substrate Integrated Waveguide Fed Cavity Array Antenna on LTCC
20	2011	Bandwidth-constrained motion estimation for real-time mobile video application
21	2011	Bandwidth-optimal single-tunable-element matching network for antenna tuning in mobile handsets
21	2011	Barcoding bias in high-throughput multiplex sequencing of miRNA.
22	2011	Bare necessitiesKnowledge-driven WSN design
22	2011	Bare-hand-based augmented reality interface on mobile phone
23	2011	Barrett's esophagus: A historical perspective, an update on core practicalities and predictions on future evolutions of management.
23	2011	Barrier height of Pt–In[sub x]Ga[sub 1−x]N (0≤x≤0.5) nanowire Schottky diodes
23	2011	Barriers to energy efficiency in industrial bottom-up energy demand models—A review
24	2011	Basal functional connectivity within the anterior temporal network is associated with performance on declarative memory tasks.
24	2012	Basal ganglia activity patterns in parkinsonism and computational modeling of their downstream effects.
24	2011	Basal ganglia neurons dynamically facilitate exploration during associative learning.
25	2011	Base Station Cooperation in MIMO-Aided Multi-User Multi-Cell Systems Employing Distributed Probabilistic Data Association Based Soft Reception
25	2011	Base Station Location Optimization for Minimal Energy Consumption in Wireless Networks
25	2011	Base Station Operation and User Association Mechanisms for Energy-Delay Tradeoffs in Green Cellular Networks
25	2011	Baseband Distortion Modeling for a Parametric Loudspeaker System Using Volterra Kernels
25	2011	Based on Two Swarm Optimized Algorithm of Neural Network to Prediction the Switch's Traffic of Coal
26	2011	Baseline BOLD correlation predicts individuals' stimulus-evoked BOLD responses.
26	2011	Baseline CBF, and BOLD, CBF, and CMRO2 fMRI of visual and vibrotactile stimulations in baboons.
26	2011	Bases adjacent to mononucleotide repeats show an increased single nucleotide polymorphism frequency in the human genome.
26	2011	Basic Characteristics of Gliding-Arc Discharges in Air and Natural Gas
27	2012	Basic Data Analysis and More – A Guided Tour Using python
28	2011	Basic families of medium-power soft-switched isolated bidirectional dc-dc converters
30	2011	Basic technologies for droplet microfluidics.
30	2011	Basics of Bose-Einstein Condensation
31	2011	Basics of Phase Noise and Jitter What is Phase Noise ?
32	2011	Batch fabrication of disposable screen printed SERS arrays.
32	2011	Batch-Online Semi-Blind Source Separation Applied to Multi-Channel Acoustic Echo Cancellation
33	2011	Batteries Need Electronics
33	2012	Battery Energy Storage for Enabling Integration of Distributed Solar Power Generation
34	2011	Battery friendly packet transmission scheme for body sensor networks
34	2012	Battery Management Network for Fully Electrical Vehicles Featuring Smart Systems at Cell and Pack Level
34	2011	Battery Management Systems in Electric and Hybrid Vehicles
34	2011	Battery Ownership Model : A Tool for Evaluating the Economics of Electrified Vehicles and Related Infrastructure Preprint
34	2011	Battery state of charge online estimation based on particle filter
35	2011	Battery-Management System (BMS) and SOC Development for Electrical Vehicles
35	2011	Battling the Internet Water Army : Detection of Hidden Paid Posters
35	2011	Bayes estimators for phylogenetic reconstruction
35	2011	Bayes-Optimal Chemotaxis
36	2011	Bayesian analysis of genetic interactions in case-control studies, with application to adiponectin genes and colorectal cancer risk.
36	2011	Bayesian analysis of quantile regression for censored dynamic panel data
37	2011	Bayesian Comparison of Neurovascular Coupling Models Using EEG-fMRI
37	2011	Bayesian Compressive Sampling for Pattern Synthesis With Maximally Sparse Non-Uniform Linear Arrays
38	2011	Bayesian Defogging
38	2012	Bayesian Estimation for Optimized Structured Illumination Microscopy
39	2012	Bayesian Focusing for Coherent Wideband Beamforming
39	2011	Bayesian Fundamentalism or Enlightenment? On the explanatory status and theoretical contributions of Bayesian models of cognition.
39	2011	Bayesian gene set analysis for identifying significant biological pathways.
40	2012	Bayesian geometric modeling of indoor scenes
40	2011	Bayesian hierarchical modeling and selection of differentially expressed genes for the EST data.
40	2012	Bayesian inference analyses of the polygenic architecture of rheumatoid arthritis
41	2011	Bayesian inference in FMRI.
41	2011	Bayesian inference of ancient human demography from individual genome sequences
41	2011	Bayesian inference of models and hyper-parameters for robust optic-flow estimation.
42	2011	Bayesian Inference Underlies the Contraction Bias in Delayed Comparison Tasks
42	2011	Bayesian Inference with Optimal Maps
42	2012	Bayesian integration of networks without gold standards
42	2011	Bayesian Interpolation and Parameter Estimation in a Dynamic Sinusoidal Model
43	2011	Bayesian Learning via Stochastic Gradient Langevin Dynamics
43	2011	Bayesian localization microscopy reveals nanoscale podosome dynamics
43	2012	Bayesian method to predict individual SNP genotypes from gene expression data
43	2012	Bayesian methods
45	2011	Bayesian models for detecting epistatic interactions from genetic data.
45	2011	Bayesian models: the structure of the world, uncertainty, behavior, and the brain.
45	2011	Bayesian Networks for Discrete Observation Distributions in Speech Recognition
46	2011	Bayesian Nonparametric Inference of Switching Dynamic Linear Models
46	2011	Bayesian Nonparametric Modeling for Causal Inference
46	2011	Bayesian nonparametric multivariate convex regression
47	2011	Bayesian online learning on Riemannian manifolds using a dual model with applications to video object tracking
47	2011	Bayesian phylogenetic analysis supports an agricultural origin of Japonic languages
48	2011	Bayesian radio map learning for robust indoor positioning
48	2011	Bayesian Reasoning and Machine Learning
48	2011	Bayesian sampling in visual perception.
49	2011	Bayesian Spike-Triggered Covariance Analysis
51	2011	BCI demographics II: how many (and what kinds of) people can use a high-frequency SSVEP BCI?
52	2011	BCN: Expansible network structures for data centers using hierarchical compound graphs
53	2011	Beam Search based MAP Estimates for the Indian Buffet Process
54	2011	Beamforming in interference networks for uniform linear arrays
54	2011	Beamforming on Mobile Devices : A First Study
55	2011	Beamspace-Domain Analysis of Single-RF Front-End MIMO Systems
56	2011	Beat-frequency adjustable Er3+-doped DBR fiber laser for ultrasound detection.
56	2011	BEAT: Bio-Environmental Android Tracking
56	2011	Beating SGD : Learning SVMs in Sublinear Time
56	2011	Beating-heart mitral valve chordal replacement
57	2011	Beauty is skin deep: a surface monolayer perspective on nanoparticle interactions with cells and bio-macromolecules.
57	2011	Beginning Android Games
58	2011	Behavior and neural basis of near-optimal visual search.
60	2011	Behavioral and ERP indices of response conflict in Stroop and flanker tasks.
60	2011	Behavioral and in vivo electrophysiological evidence for presymptomatic alteration of prefrontostriatal processing in the transgenic rat model for huntington disease.
63	2011	Behavioral states may be associated with distinct spatial patterns in electrocorticogram
63	2012	Behavioral study of whisker-mediated vibration sensation in rats.
63	2011	Behaviour of Granger causality under filtering: Theoretical invariance and practical application
63	2011	Behaviour of Telomere and Telomerase during Aging and Regeneration in Zebrafish
64	2011	Behavioural differences between EEG-defined subgroups of children with Attention-Deficit/Hyperactivity Disorder.
64	2011	Behavioural treatment programme contributes to normalization of contingent negative variation in children with migraine.
65	2011	Being Barbie: The Size of One’s Own Body Determines the Perceived Size of the World
67	2011	BenchLab : An Open Testbed for Realistic Benchmarking of Web Applications
67	2011	Benchmarking classification models for emotion recognition in natural speech: A multi-corporal study
67	2011	Benchmarking classification techniques using the Opportunity human activity dataset
67	2011	Benchmarking GPU and CPU codes for Heisenberg spin glass over-relaxation
68	2011	Benchmarking Modern Multiprocessors
70	2011	Beneficial effect of repetitive transcranial magnetic stimulation combined with cognitive training for the treatment of Alzheimer's disease: a proof of concept study.
70	2011	Beneficial Effect of the Traditional Chinese Drug Shu-Xue-Tong on Recovery of Spinal Cord Injury in the Rat
71	2011	BENEFITS OF BUILDING INFORMATION MODELING
71	2011	Benefits of Dynamically Reconfigurable Activity Recognition in Distributed Sensing
72	2011	benefits of the smart grid
73	2011	Benzenedithiol: a broad-range single-channel molecular conductor.
73	2011	Benzotrithiophene--a planar, electron-rich building block for organic semiconductors.
74	2011	BER-based power allocation for Amplify-and-Forward and Decode-and-Forward relaying systems
74	2011	Berry phase of non-ideal Dirac fermions in topological insulators
74	2011	Bessel Fourier orientation reconstruction: an analytical EAP reconstruction using multiple shell acquisitions in diffusion MRI.
74	2011	Bessel Nulls Recovery in Spherical Microphone Arrays for Time-Limited Signals
75	2011	Best practice for motor imagery: a systematic literature review on motor imagery training elements in five different disciplines
76	2011	Beta-amyloid oligomerisation monitored by intrinsic tyrosine fluorescence.
76	2011	Better brain interfacing for the masses: progress in event-related potential detection using commercial brain computer interfaces
77	2011	Better Mini-Batch Algorithms via Accelerated Gradient Methods
77	2011	Better Never than Late : Meeting Deadlines in Datacenter Networks
77	2011	Better testing through oracle selection: (NIER track)
78	2011	Beware the air! Why particulate matter matters.
78	2011	BEWARE: Background Traffic-Aware Rate Adaptation for IEEE 802.11
78	2011	BeWell : A Smartphone Application to Monitor , Model and Promote Wellbeing
78	2011	Beyond acute social stress: increased functional connectivity between amygdala and cortical midline structures.
79	2012	Beyond Capacity Markets - Delivering Capability Resources to Europe ’ s Decarbonised Power System
79	2011	Beyond Clouds: Towards Real Utility Computing
80	2011	Beyond Cooperative Robotics: The Central Role of Interdependence in Coactive Design
80	2011	Beyond Correlation: Do Color Features Influence Attention in Rainforest?
80	2011	Beyond designing: roles of the designer in complex design projects
81	2012	Beyond Mahalanobis Distance : Learning Second-Order Discriminant Function for People Verification
81	2012	Beyond Millikan: The Dynamics of Charging Events on Individual Colloidal Particles
81	2011	Beyond overcurrent protection: Distributed generation in the future grid
82	2011	Beyond PDMS: off-stoichiometry thiol-ene (OSTE) based soft lithography for rapid prototyping of microfluidic devices.
82	2011	Beyond Prototypes , Again
82	2011	Beyond rhyme or reason: ERPs reveal task-specific activation of orthography on spoken language.
83	2011	Beyond Shannon: the quest for fundamental performance limits of wireless ad hoc networks
83	2011	Beyond simple features: A large-scale feature search approach to unconstrained face recognition
83	2011	Beyond smart grids – The need of intelligent energy networks for a higher global efficiency through energy vectors integration
83	2012	Beyond Spatial Pyramids : Receptive Field Learning for Pooled Image Features
83	2012	Beyond Statistical Significance: Implications of Network Structure on Neuronal Activity
83	2011	Beyond the Cortical Column: Abundance and Physiology of Horizontal Connections Imply a Strong Role for Inputs from the Surround
84	2011	BEYOND THE JARGON: THE GOVERNANCE OF CLIMATE FINANCE
84	2011	Beyond the Nernst-limit with dual-gate ZnO ion-sensitive field-effect transistors
84	2011	Beyond the Yablonovitch limit: Trapping light by frequency shift
84	2011	Beyond Timbral Statistics: Improving Music Classification Using Percussive Patterns and Bass Lines
84	2011	Beyond Trending Topics : Real-World Event Identification on Twitter
85	2011	BGP safety with spurious updates
85	2011	Bi- and trilayer graphene solutions.
86	2011	Bi-objective optimization approach to the design and planning of supply chains: Economic versus environmental performances
86	2011	Bianisotropic Effective Parameters of Optical Metamagnetics and Negative-Index Materials
87	2011	Bias field reduction by localized Lloyd-Max quantization.
87	2011	Bias reduction in conditional logistic regression.
87	2011	Bias Temperature Instability model for digital circuits - predicting instantaneous FET response
88	2011	Biased Normalized Cuts
89	2011	Biblio-MetReS: A bibliometric network reconstruction application and server.
89	2011	Bibliometric analysis of distributed generation
90	2011	BiCoS: A Bi-level Co-Segmentation Method for Image Classification
91	2011	Bidding Strategy of Virtual Power Plant for Participating in Energy and Spinning Reserve MarketsPart I: Problem Formulation
91	2011	Bidding Strategy of Virtual Power Plant for Participating in Energy and Spinning Reserve MarketsPart II: Numerical Analysis
91	2011	Bidirectional communication between amygdala and fusiform gyrus during facial recognition.
91	2011	Bidirectional converter interface for a battery energy storage test bench
91	2011	Bidirectional OLED microdisplay: Combining display and image sensor functionality into a monolithic CMOS chip
93	2011	Bifrontal transcranial direct current stimulation modulates tinnitus intensity and tinnitus-distress-related brain activity.
93	2011	Big brains explained
94	2011	Big Data , Analytics and the Path From Insights to Value Big Data , Analytics and the Path From Insights to Value
94	2012	Big Data , Big Impact : New Possibilities for International Development
94	2011	Big data : The next frontier for innovation , competition , and productivity
94	2011	Big Data and Cloud Computing : Current State and Future Opportunities
94	2011	BigDog-inspired studies in the locomotion of goats and dogs.
94	2011	Bikeability and methodological issues using the active commuting route environment scale (ACRES) in a metropolitan setting
96	2011	Bilayer fractal structure with multiband left-handed characteristics.
96	2011	Bilayer graphene dual-gate nanodevice: An ab initio simulation
96	2012	Bilayer Graphene Grown on 4H-SiC (0001) Step-Free Mesas.
96	2011	Bilayer Graphene/Copper Hybrid On-Chip Interconnect: A Reliability Study
97	2012	Bilayer-fish-scale ultrabroad terahertz bandpass filter.
98	2011	Bilingualism and creativity: benefits in convergent thinking come with losses in divergent thinking.
98	2012	Bilingualism: consequences for mind and brain
100	2011	Binaural image position distributions for phase-shifted low frequency tone bursts.
100	2012	Binaural localization of multiple sources in reverberant and noisy environments
102	2011	Binding energy and catalysis by D-xylose isomerase: kinetic, product, and X-ray crystallographic analysis of enzyme-catalyzed isomerization of (R)-glyceraldehyde.
102	2011	Binding of Phosphonic Acids to CdSe Quantum Dots: A Solution NMR Study
102	2011	Binding Site Prediction for Protein-Protein Interactions and Novel Motif Discovery using Re-occurring Polypeptide Sequences
102	2011	Binding-activated localization microscopy of DNA structures.
104	2011	Bio-inspired design of multiscale structures for function integration
104	2011	Bio-inspired design strategies for central pattern generator control in modular robotics.
104	2011	Bio-Inspired Synchronization for Nanocommunication Networks
105	2011	BIO::Phylo-phyloinformatic analysis using perl
105	2011	Bioactive compounds in seaweed: functional food applications and legislation
105	2011	Bioaugmented membrane bioreactor (MBR) with a GAC-packed zone for high rate textile wastewater treatment.
106	2011	BioBolt: A minimally-invasive neural interface for wireless epidural recording by intra-skin communication
107	2011	Biocompatibility of Chronically Implanted Transverse Intrafascicular Multichannel Electrode (TIME) in the Rat Sciatic Nerve
108	2011	Biocompatible artificial DNA linker that is read through by DNA polymerases and is functional in Escherichia coli
110	2011	Biodiesel from oilgae, biofixation of carbon dioxide by microalgae: A solution to pollution problems
110	2011	Biodiesel production by simultaneous extraction and conversion of total lipids from microalgae, cyanobacteria, and wild mixed-cultures.
110	2011	Biodistribution and toxicity of engineered gold nanoparticles: a review of in vitro and in vivo studies.
112	2011	Biofeedback data visualization for body sensor networks
113	2011	Biofeedback of Real-Time Functional Magnetic Resonance Imaging Data from the Supplementary Motor Area Reduces Functional Connectivity to Subcortical Regions
113	2011	Biofilms as complex fluids
114	2011	Biofuel or excavation? - Life cycle assessment (LCA) of soil remediation options
114	2011	Biofuels Bonanza?: Exploring community perceptions of the promises and perils of biofuels production
114	2011	Biofuels versus food production: Does biofuels production increase food prices?
114	2012	Biogas prediction and design of a food waste to energy system for the urban environment
115	2011	Biographical sketch: Themistocles Gluck (1853-1942).
115	2011	Bioimaging for the monitoring of the in vivo distribution of infused mesenchymal stem cells in a mouse model of the graft-versus-host reaction.
115	2011	Bioimpedance in monitoring of effects of selective serotonin reuptake inhibitor treatment.
115	2011	Bioinformatics for Omics Data
116	2012	Bioinspired algorithm for autonomous sensor-driven guidance in turbulent chemical plumes
116	2011	Bioinspired molecular co-catalysts bonded to a silicon photocathode for solar hydrogen evolution.
116	2011	Bioinspired optical sensors for unmanned aerial systems
116	2011	Bioinspired self-repairing slippery surfaces with pressure-stable omniphobicity
117	2011	Biological and chemical sensors based on graphene materials.
117	2011	Biological applications of gold nanorods.
119	2011	Biological hydrogen production by the algal biomass Chlorella vulgaris MSU 01 strain isolated from pond sediment.
119	2011	Biological impact of missing-value imputation on downstream analyses of gene expression profiles.
119	2012	Biological interactions of graphene-family nanomaterials: an interdisciplinary review.
120	2011	Biological principles for future internet architecture design
120	2011	Biological Scanning Electrochemical Microscopy and Its Application to Live Cell Studies.
121	2011	Biologically inspired achromatic waveplates for visible light.
121	2011	Biologically inspired EM image alignment and neural reconstruction.
121	2011	Biologically Inspired Features for Scene Classification in Video Surveillance
123	2011	Biomarker studies: a call for a comprehensive biomarker study registry.
124	2012	Biomarker-mediated disruption of coffee-ring formation as a low resource diagnostic indicator.
124	2011	Biomarkers for the prediction of type 2 diabetes and cardiovascular disease.
124	2011	Biomarkers for visceral hypersensitivity identified by classification of electroencephalographic frequency alterations.
125	2011	Biomaterials to enhance stem cell function in the heart.
126	2011	Biomechanical assessment of electric lifting chair for persons with disability
126	2011	Biomechanical considerations in the design of lower limb exoskeletons
127	2011	Biomechanics and physiological parameters during gait in lower-limb amputees: a systematic review.
129	2011	Biomedical Cloud Computing With Amazon Web Services
129	2011	Biomedical devices and systems security
129	2011	Biomedical Image Processing
129	2011	Biomedical Imaging
129	2011	Biomedical Imaging Modality Classification Using Combined Visual Features and Textual Terms
129	2011	Biomedical Photoacoustic Imaging: a review
130	2012	Biometric Match Score Fusion using RVM : A Case Study in Multi-unit Iris
131	2011	Biometric recognition: Sensor characteristics and image quality
132	2012	Biomimetic layer-by-layer assembly of artificial nacre
132	2011	Biomimetic micro∕nanostructured functional surfaces for microfluidic and tissue engineering applications
132	2011	Biomimetic nanopores: learning from and about nature.
132	2011	Biomimetic self-templating supramolecular structures
133	2011	Biomimicry in textiles: past, present and potential. An overview.
133	2012	Biomolecular computing systems: principles, progress and potential
134	2011	BION microstimulators: a case study in the engineering of an electronic implantable medical device.
134	2011	Bionanoscience: Nanoparticles in the life of a cell
134	2011	BioPhotonics workstation: A versatile setup for simultaneous optical manipulation, heat stress, and intracellular pH measurements of a live yeast cell
134	2011	Biophotonics: Spectroscopy, Imaging, Sensing, and Manipulation
134	2012	Biophysical and physiological origins of blood oxygenation level-dependent fMRI signals.
135	2011	Biophysical mechanisms of multistability in resting-state cortical rhythms.
135	2011	Biophysical mechanisms underlying olfactory receptor neuron dynamics.
135	2011	Biophysically Based Modeling of the Interstitial Cells of Cajal: Current Status and Future Perspectives
136	2012	Bioreactor monitoring with spectroscopy and chemometrics: a review.
136	2011	Biosensing platform based on fluorescence resonance energy transfer from upconverting nanocrystals to graphene oxide.
137	2011	Biosensor microprobes with integrated microfluidic channels for bi-directional neurochemical interaction.
137	2011	Biosensors and molecular imaging.
137	2011	Biosensors and rapid diagnostic tests on the frontier between analytical and clinical chemistry for biomolecular diagnosis of dengue disease: a review.
137	2011	Biosensors as innovative tools for the detection of food borne pathogens.
138	2011	Biosensors for medical applications
138	2011	Biosensors in clinical chemistry - 2011 update.
138	2011	Biosensors in microfluidic chips.
139	2011	Biotemplated Magnetic Nanoparticle Arrays.
139	2011	Biotransformations in microstructured reactors: more than flowing with the stream?
140	2011	Bipedal walking control based on Capture Point dynamics
140	2011	Bipedal walking energy minimization by reinforcement learning with evolving policy parameterization
140	2011	Bipolar cell pathways for color vision in non-primate dichromats.
140	2011	Bipolar cells of the ground squirrel retina.
141	2011	Bipolar Conduction in SnO Thin Films
141	2011	Bipolar Integrated Circuits in 4H-SiC
141	2011	Bipolar Nonlinear Ni/TiO_2/Ni Selector for 1S1R Crossbar Array Applications
141	2011	Bipolar resistive switching of zinc-tin-oxide resistive random access memory
142	2011	Bipolar switching characteristics of low-power Geo resistive memory
142	2011	Birdlets: Subordinate categorization using volumetric primitives and pose-normalized appearance
142	2011	Birefringence measurement of cornea and anterior segment by office-based polarization-sensitive optical coherence tomography
143	2011	Biscrolling nanotube sheets and functional guests into yarns.
143	2011	Bismark: a flexible aligner and methylation caller for Bisulfite-Seq applications.
143	2011	Bismuth-doped silica-based fiber lasers operating near 1460 nm
144	2012	Bistability in Atomic-Scale Antiferromagnets
144	2011	Bistability, Probability Transition Rate and First-Passage Time in an Autoactivating Positive-Feedback Loop
144	2011	Bistable and self-tunable negative-index metamaterial at optical frequencies.
145	2011	Bit depth and sample rate tunable digital to analog converter using conversion/dispersion based delays
146	2012	Bithiophene Imide and Benzodithiophene Copolymers for Efficient Inverted Polymer Solar Cells
146	2012	BiTouch and BiPad : Designing Bimanual Interaction for Hand-held Tablets
146	2011	BitShred : Feature Hashing Malware for Scalable Triage and Semantic Analysis
148	2011	Blackawton bees.
148	2011	Blade optimization of Multiphase Rotodynamic pump based on neural network and genetic algorithm
148	2011	Bleaching/blinking assisted localization microscopy for superresolution imaging using standard fluorescent molecules
149	2011	Blended learning in higher education: Students’ perceptions and their relation to outcomes
149	2011	Blended Learning of Programming in the Internet Age
149	2011	Blending Autonomous Exploration and Apprenticeship Learning
150	2011	Blind deconvolution using a normalized sparsity measure
150	2011	Blind grasping: Stable robotic grasping using tactile feedback and hand kinematics
151	2011	Blind identification of sparse dynamic networks and applications
151	2011	Blind People and Mobile Keypads : Accounting for Individual Differences
152	2011	Blind Separation and Dereverberation of Speech Mixtures by Joint Optimization
154	2011	Blind source unmixing in multi-spectral optoacoustic tomography.
154	2011	Blind Spectrum Sensing for Cognitive Radio Channels with Noise Uncertainty
154	2012	Blind Subcarrier Equalization without Pre-filtering for Optical OFDM systems
154	2011	Blind subjects implanted with the Argus II retinal prosthesis are able to improve performance in a spatial-motor task.
154	2011	Blind synchronization for NC-OFDM When channels are conventions, not mandates
155	2011	Blink: observing thin slices of behavior to determine users' expectation towards task difficulty.
155	2011	Blipped-controlled aliasing in parallel imaging for simultaneous multislice echo planer imaging with reduced g-factor penalty
156	2011	Bloch-wave engineering of quantum dot-micropillars for cavity quantum electrodynamics experiments
156	2011	Bloch–Zener Oscillations in Graphene and Topological Insulators
157	2011	Blocking Layer Effect on Dye-Sensitized Solar Cells Assembled with TiO2 Nanorods Prepared by dc Reactive Magnetron Sputtering
157	2011	Blocking performance in dynamic flexible grid optical networks What is the ideal spectrum granularity?
158	2011	Blood flow computation in phase-contrast MRI by minimal paths in anisotropic media.
161	2011	Blue-green to near-IR switching electroluminescence from Si-rich silicon oxide/nitride bilayer structures.
162	2011	Blur kernel estimation using the radon transform
162	2011	Blur-Aware Image Downsampling
163	2011	BN White Graphene with "Colorful" Edges: The Energies and Morphology.
163	2011	BN/Graphene/BN Transistors for RF Applications
163	2011	Bodily illusions in health and disease: Physiological and clinical perspectives and the concept of a cortical 'body matrix'
164	2011	Body Area Networks for ubiquitous healthcare applications: opportunities and challenges.
164	2011	Body image distortions in bulimia nervosa: investigating body size overestimation and body size satisfaction by fMRI.
164	2011	Body machine interface: Remapping motor skills after spinal cord injury
165	2011	Body plan innovation in treehoppers through the evolution of an extra wing-like appendage.
165	2011	Body Sensor Networks : A Holistic Approach From Silicon to Users
166	2011	Body-Biased VCO Tunes 12 To 16 GHz
166	2011	Body-worn sensor design: what do patients and clinicians want?
166	2011	BodyT2: Throughput and time delay performance assurance for heterogeneous BSNs
169	2011	Book review: a practical guide to implementing clinical mass spectrometry systems.
172	2011	Boosting random write performance for enterprise flash storage systems
172	2011	Boosting signal-to-noise in complex biology: prior knowledge is power.
172	2011	Boosting the Digital Agenda for Europe: The contribution of Future Internet
173	2012	Boradband Microwave Luneburg Lens Made of Gradient Index Metamaterials
173	2011	BorderSense: Border patrol through advanced wireless sensor networks
174	2011	Born to dance but beat deaf: a new form of congenital amusia.
174	2011	Boron Nitride Substrates for High Mobility Chemical Vapor Deposited Graphene
174	2012	Boron subphthalocyanine chloride as an electron acceptor for high-voltage fullerene-free organic photovoltaics
175	2011	Both Size and GC-Content of Minimal Introns Are Selected in Human Populations
175	2011	Bottle microresonator with actively stabilized evanescent coupling.
175	2012	Bottleneck Identification and Scheduling in Multithreaded Applications
176	2011	Bottom-gated epitaxial graphene.
176	2011	Bottom-up grown ZnO nanorods for an antireflective moth-eye structure on CuInGaSe2 solar cells
176	2011	Bottom-up photonic crystal cavities formed by patterned III-V nanopillars.
176	2011	Bottom-Up Statistical PLC Channel ModelingPart I: Random Topology Model and Efficient Transfer Function Computation
177	2011	Boundary Artifact Reduction in View Synthesis of 3D Video: From Perspective of Texture-Depth Alignment
178	2011	Boundary delineation for hepatic hemangioma in ultrasound images
180	2011	BP Energy Outlook 2030
180	2011	BP Statistical Review What ’ s inside ?
180	2011	BPL ( Broadband over Powerline ) Coexistence Certification Test Owned by HD-PLC Alliance
180	2011	BPMN and Design Patterns for Engineering Social BPM Solutions
181	2011	Bragg polariton luminescence from a GaN membrane embedded in all dielectric microcavity
181	2011	Brain activation during audiovisual exposure anticipates future perception of ambiguous speech.
181	2011	Brain activity associated with graphic emoticons. The effect of abstract faces in communication over a computer network
181	2011	Brain activity associated with recognition of appropriate action selection based on allocentric perspectives.
182	2012	Brain activity during a visuospatial working memory task predicts arithmetical performance 2 years later.
182	2011	Brain and Body Interfaces : Designing for Meaningful Interaction
183	2012	Brain computer interface control via functional connectivity dynamics
183	2012	Brain Computer Interfaces, a Review
183	2011	Brain Connectivity: Gender Makes a Difference.
183	2011	Brain correlates of hypnotic paralysis-a resting-state fMRI study.
183	2011	Brain correlates of mathematical competence in processing mathematical representations.
184	2011	Brain default-mode network abnormalities in hepatic encephalopathy: A resting-state functional MRI study.
184	2011	Brain dynamics of upstream perceptual processes leading to visual object recognition: a high density ERP topographic mapping study.
185	2011	Brain ERP components predict which individuals progress to Alzheimer's disease and which do not.
185	2011	Brain functional integration decreases during propofol-induced loss of consciousness.
185	2011	Brain graphs: graphical models of the human brain connectome.
185	2011	Brain imaging of the self--conceptual, anatomical and methodological issues.
186	2012	Brain injuries from blast.
186	2011	Brain mapping of psychological processes with psychometric scales: an fMRI method for social neuroscience.
186	2011	Brain MAPS: An automated, accurate and robust brain extraction technique using a template library
186	2011	Brain maturity and brain injury in newborns with cyanotic congenital heart disease.
187	2011	Brain mechanisms supporting the modulation of pain by mindfulness meditation.
187	2011	Brain microbleeds and Alzheimer's disease: innocent observation or key player?
187	2011	Brain modularity in arthropods: individual neurons that support "what" but not "where" memories.
188	2011	Brain network connectivity in individuals with schizophrenia and their siblings.
188	2011	Brain organization and the roots of anticipation in Drosophila olfactory conditioning.
188	2011	Brain oscillations and frequency-dependent modulation of cortical excitability.
188	2012	Brain Oscillations and Functional Connectivity during Overt Language Production.
189	2011	Brain oscillatory correlates of working memory constraints.
190	2011	Brain refractive index measured in vivo with high-NA defocus-corrected full-field OCT and consequences for two-photon microscopy.
190	2011	Brain regions involved in human movement perception: a quantitative voxel-based meta-analysis
191	2011	Brain Rhythms Reveal a Hierarchical Network Organization
191	2011	Brain Structure and Meditation How Spiritual Practice Shapes the Brain
192	2011	Brain structure anomalies in autism spectrum disorder-a meta-analysis of VBM studies using anatomic likelihood estimation.
192	2011	Brain systems for baroreflex suppression during stress in humans.
192	2011	Brain tumor (germinoma) diagnosed after assessment for male late-onset hypogonadism syndrome : a case report
193	2011	Brain-actuated humanoid robot navigation control using asynchronous Brain-Computer Interface
193	2011	Brain-behavior correlates of optimizing learning through interleaved practice.
193	2011	Brain-Computer Interface Based on Generation of Visual Images
193	2011	Brain-computer interface controlled functional electrical stimulation system for ankle movement.
195	2011	Brain-computer interfaces using electrocorticographic signals.
195	2011	Brain-computer-interfaces in the rehabilitation of stroke and neurotrauma
195	2011	Brain-Controlled NXT Robot: Tele-operating a Robot through Brain Electrical Activity
195	2012	Brain-Speech Alignment Enhances Auditory Cortical Responses and Speech Perception
196	2011	Brain-state–independent neural representation of peripheral stimulation in rat olfactory bulb
196	2012	Brain-wide neuronal dynamics during motor adaptation in zebrafish
196	2011	BrainNetVis: An Open-Access Tool to Effectively Quantify and Visualize Brain Networks
196	2011	Brains on video games.
196	2011	Brainstorm: A User-Friendly Application for MEG/EEG Analysis
196	2012	BrainVoyager - Past, present, future.
197	2011	Branch-specific plasticity enables self-organization of nonlinear computation in single neurons.
198	2012	Brava and autologous fat transfer is a safe and effective breast augmentation alternative: results of a 6-year, 81-patient, prospective multicenter study.
199	2011	Breakdown of volume scaling in Auger recombination in CdSe/CdS heteronanocrystals: the role of the core-shell interface.
200	2011	Breaking the diffusion limit with super-hydrophobic delivery of molecules to plasmonic nanofocusing SERS structures
200	2011	Breaking the fixed-arrival-time restriction in reaching movements of neural prosthetic devices.
200	2011	Breaking the Ivory Tower: Academic Entrepreneurship in the Life Sciences in UK and Germany
200	2012	Breaking the Speed Limits of Phase-Change Memory
200	2012	Breast biopsy for mammographically detected nonpalpable lesions using a vacuum-assisted biopsy device (Mammotome) and upright-type stereotactic mammography unit without a digital imaging system: experience of 500 biopsies.
201	2011	Breast cancer genome heterogeneity: a challenge to personalised medicine?
201	2011	Breast cancer screening in developing countries.
201	2011	Breast Cancer What is cancer ?
201	2011	Breast cancer: comparative effectiveness of positron emission mammography and MR imaging in presurgical planning for the ipsilateral breast.
202	2011	Breast skin-line detection using dynamic programming
202	2011	Breast-conserving therapy: radiotherapy margins for breast tumor bed boost.
203	2011	Breath: An Adaptive Protocol for Industrial Control Applications Using Wireless Sensor Networks
203	2011	Brian Hears: Online Auditory Processing Using Vectorization Over Channels
204	2012	Bridging 1553 to Ethernet Networks Paves Future of Avionics
205	2011	Bridging the Gap Between Social Animal and Unsocial Machine: A Survey of Social Signal Processing
205	2011	Bridging the gap with Broadband Powerline (BPL) technology
205	2011	Bridging the Semantic Gap for Satellite Image Annotation and Automatic Mapping Applications
206	2011	Bridging theory and practice ]
206	2011	Brief report
207	2011	BRIEF: Computing a Local Binary Descriptor very Fast.
207	2012	Bright infrared quantum-dot light-emitting diodes through inter-dot spacing control
207	2012	Bright single-photon sources in bottom-up tailored nanowires
208	2012	Bright white light emission from ultrasmall cadmium selenide nanocrystals.
208	2011	Brillouin echo-distributed sensing based on differential phase-shift keying technique
208	2011	Bringing domain-specific languages to digital forensics
209	2011	Bringing the real world into the fMRI scanner: Repetition effects for pictures versus real objects
209	2011	Brisk movement imagination for the non-invasive control of neuroprostheses: A first attempt
209	2011	BRISK: Binary Robust invariant scalable keypoints
209	2011	Bristle-sensors--low-cost flexible passive dry EEG electrodes for neurofeedback and BCI applications.
211	2011	Broadband Differential Low-Noise Amplifier for Active Differential Arrays
211	2011	Broadband Electromagnetic Cloaking Realized With Transmission-Line and Waveguiding Structures
211	2012	Broadband Enhancement in Thin-Film Amorphous Silicon Solar Cells Enabled by Nucleated Silver Nanoparticles.
212	2012	Broadband graphene electro-optic modulators with sub-wavelength thickness
212	2012	Broadband graphene terahertz modulators enabled by intraband transitions
212	2011	Broadband Internet Performance : A View From the Gateway
212	2012	Broadband light bending with plasmonic nanoantennas.
212	2012	Broadband light management using low-Q whispering gallery modes in spherical nanoshells.
212	2011	Broadband light-induced absorbance change in multilayer graphene.
212	2011	Broadband linearized silicon modulator.
213	2011	Broadband micro-Michelson interferometer with multi-optical-path beating using a sphered-end hollow fiber.
213	2011	Broadband microwave and time-domain terahertz spectroscopy of chemical vapor deposition grown graphene
213	2011	Broadband multi-layer terahertz metamaterials fabrication and characterization on flexible substrates.
213	2012	Broadband omnidirectional antireflection coating based on subwavelength surface Mie resonators.
213	2011	Broadband optical ultrasound sensor with a unique open-cavity structure.
214	2011	Broadband piezoelectric power generation on high-energy orbits of the bistable Duffing oscillator with electromechanical coupling
214	2011	Broadband polarization-independent resonant light absorption using ultrathin plasmonic super absorbers
214	2012	Broadband scattering of the solar spectrum by spherical metal nanoparticles
215	2011	Broadband terahertz circular polarizers with single- and double-helical array metamaterials.
215	2011	Broadband-infrared assessment of phonon resonance in scattering-type near-field microscopy
216	2011	Broadcast Analysis for Large Cooperative Wireless Networks
217	2011	Broken-symmetry states and phase diagram of the lowest Landau level in bilayer graphene
217	2011	Bromination of Graphene and Graphite
217	2011	Brown adipose tissue activity controls triglyceride clearance.
217	2011	Brownian Dynamics
218	2011	Browsing the Internet of Things with Sentient Visors
218	2011	Bruttostromerzeugung in Deutschland von 1990 bis 2010 nach Energieträgern
219	2011	BSP-fields: An Exact Representation of Polygonal Objects by Differentiable Scalar Fields Based on Binary Space Partitioning
219	2012	Bubbles no more: in-plane trapping and removal of bubbles in microfluidic devices
220	2012	Buckling-induced encapsulation of structured elastic shells under pressure
220	2011	Build system maintenance
221	2011	Building a cognitive radio network testbed
221	2011	Building a comprehensive genomic program for hepatocellular carcinoma.
222	2011	Building an index of activity of inhabitants from their activity on the residential electrical power line.
222	2011	Building an Integrated Service Management Platform for Ubiquitous Cities
223	2011	Building and using pluggable type-checkers
223	2012	Building Block of a Programmable Neuromorphic Substrate : A Digital Neurosynaptic Core
223	2011	Building Blocks for a Participatory Web of Things : Devices , Infrastructures , and Programming Frameworks
224	2011	Building Data Centers With Optically Connected Memory
224	2011	Building Detection From One Orthophoto and High-Resolution InSAR Data Using Conditional Random Fields
225	2011	Building Energy Management System based on Smart Grid
226	2012	Building High-level Features Using Large Scale Unsupervised Learning
226	2011	Building high-level features using large scale unsupervised learning Dataset constructions
226	2011	Building information modeling for sustainable design and LEED® rating analysis
226	2011	Building Integrated Concentrating Photovoltaics: A review
227	2011	Building large urban environments from unstructured point data
227	2011	Building on the capabilities of geolocation databases
227	2011	Building plasmonic nanostructures with DNA.
228	2011	Building Safety indicators: Part 2 – Application, practices and results
228	2011	Building smart sensor nodes according to IEEE 1451.3 standard
230	2011	Buildings don't use energy: people do
230	2011	Built-in Electric Field Minimization in (In, Ga)N Nanoheterostructures.
231	2011	Bulk heterojunction photovoltaic active layers via bilayer interdiffusion.
231	2011	Bulk Heterojunction Photovoltaic Cells with Low Donor Concentration
231	2011	Bulk heterojunction solar cells with large open-circuit voltage: electron transfer with small donor-acceptor energy offset (adv. Mater. 20/2011).
231	2011	Bulk heterojunction solar cells with thick active layers and high fill factors enabled by a bithiophene-co-thiazolothiazole push-pull copolymer
232	2011	Bulk minority carrier lifetimes and doping of silicon bricks from photoluminescence intensity ratios
232	2011	Bulk Planar Junctionless Transistor (BPJLT): An Attractive Device Alternative for Scaling
232	2011	Bulk superconducting phase with a full energy gap in the doped topological insulator Cu_xBi_2Se_3
232	2011	Bulk-boundary correspondence in three dimensional topological insulators
234	2011	Burn wound healing time assessed by laser Doppler imaging. Part 2: validation of a dedicated colour code for image interpretation.
234	2011	Burst mode receiver for 112 Gb/s DP-QPSK
236	2011	Bus Master Performance Demonstration Reference Design for the Xilinx Endpoint PCI Express Solutions
237	2011	Business Process Model and Notation ( BPMN )
238	2011	BY ALISON MCCOOK
239	2011	By No Means : A Study on Aggregating Software Metrics
239	2011	Bypassing Synthesis : PLS for Face Recognition with Pose , Low-Resolution and Sketch
239	2011	B 1+ Phase mapping at 7 T and its application for in vivo electrical conductivity mapping.