0	2011	g 2 o : A General Framework for Graph Optimization	Rainer Kummerle, Giorgio Grisetti, Hauke Strasdat, Kurt Konolige, Wolfram Burgard
0	2011	G.HNEM: the new ITU-T standard on narrowband PLC technology	Vladimir Oksman, Jin Zhang
1	2011	GaAs and InAs Nanowires for Ballistic Transport	Hadas Shtrikman, Ronit Popovitz-Biro, Andrey V Kretinin, Perla Kacman
1	2011	GaAs-based nanoneedle light emitting diode and avalanche photodiode monolithically integrated on a silicon substrate.	Linus C Chuang, Forrest G Sedgwick, Roger Chen, Wai Son Ko, Michael Moewe, Kar Wei Ng
2	2011	GABA A,slow: causes and consequences.	Marco Capogna, Robert A Pearce
2	2011	GABAergic synchronization in the limbic system and its role in the generation of epileptiform activity.	Massimo Avoli, Marco De Curtis
3	2011	GAGE: A critical evaluation of genome assemblies and assembly algorithms	S L Salzberg, A M Phillippy, A V Zimin, D Puiu, T Magoc, S Koren
4	2011	Gain in Three-Dimensional Metamaterials utilizing Semiconductor Quantum Structures	Stephan Schwaiger, Matthias Klingbeil, Jochen Kerbst, Andreas Rottler, Ricardo Costa, Aune Koitmäe
4	2011	Gain induced optical transparency in metamaterials	G Strangi, A De Luca, S Ravaine, M Ferrie, R Bartolino
4	2011	Gain of blue and cyan InGaN laser diodes	T Lermer, A Gomez-Iglesias, M Sabathil, J Müller, S Lutgen, U Strauss
5	2011	Gain-Scheduled Complementary Filter Design for a MEMS Based Attitude and Heading Reference System.	Tae Suk Yoo, Sung Kyung Hong, Hyok Min Yoon, Sungsu Park
5	2011	Gain-Scheduled H ∞ Control for WECS via LMI Techniques and Parametrically Dependent Feedback Part II : Controller Design and Implementation	Endusa Billy Muhando, Tomonobu Senjyu, Aki Uehara, Toshihisa Funabashi
5	2011	GaInAsP/InP Membrane Lasers for Optical Interconnects	Shigehisa Arai, Nobuhiko Nishiyama, Takeo Maruyama, Tadashi Okumura
6	2011	Gaining the Edge: A five-year strategy for Tourism in British Columbia, 2012-2016	Shengrong Bu, F Richard Yu, Peter X Liu
6	2011	Gains in QTL Detection Using an Ultra-High Density SNP Map Based on Population Sequencing Relative to Traditional RFLP/SSR Markers	Huihui Yu, Weibo Xie, Jia Wang, Yongzhong Xing, Caiguo Xu, Xianghua Li
6	2012	Gait Analysis Using Wearable Sensors	Weijun Tao, Tao Liu, Rencheng Zheng, Hutian Feng
6	2011	Gait analysis with multiple depth cameras	Edouard Auvinet, Franck Multon, Jean Meunier
7	2011	Gait Characterization via Pulse-Doppler Radar	Tarik Yardibi, Paul Cuddihy, Sahika Genc, Corey Bufi, Marjorie Skubic, Marilyn Rantz
9	2011	Gait stability and variability measures show effects of impaired cognition and dual tasking in frail people	Claudine J Lamoth, Floor J Van Deudekom, Jos P Van Campen, Bregje A Appels, Oscar J De Vries, Mirjam Pijnappels
9	2011	Gait variability in older adults: A structured review of testing protocol and clinimetric properties.	Sue Lord, Tracey Howe, Julia Greenland, Linda Simpson, Lynn Rochester
10	2011	Galectin-2 expression is dependent on the rs7291467 polymorphism and acts as an inhibitor of arteriogenesis.	Anja M Van Der Laan, Stephan H Schirmer, Margreet R De Vries, Jasper J Koning, Oscar L Volger, Joost O Fledderus
10	2011	Gallium hydride vapor phase epitaxy of GaN nanowires.	Matthew Zervos, Andreas Othonos
11	2011	Gallium nitride-on-silicon micromechanical overtone resonators and filters	Azadeh Ansari, Vikrant J Gokhale, Vikram A Thakar, John Roberts, Mina Rais-Zadeh
12	2011	Game Theoretic Approaches for Multiple Access in Wireless Networks: A Survey	Khajonpong Akkarajitsakul, Ekram Hossain, Dusit Niyato, Dong In Kim
13	2011	Game theory as a means of modeling system of systems viability and feasibility	K Daniel Cooksey, Dimitri Mavris
13	2012	Game theory in cooperative communications	Dejun Yang, Xi Fang, Guoliang Xue
14	2011	Game-Theoretic Approach to Distributed Scheduling for Relay-Aided OFDMA Systems	Jeong Ae Han, Wha Sook Jeon
14	2011	Game-theoretic resource allocation in relay-assisted DS/CDMA systems with successive interference cancellation	Alessio Zappone, Eduard Jorswieck
14	2011	GameChanger : A Middleware for Social Exergames	Jamie Payton, Evie Powell, Andrea Nickel, Katelyn Doran, Tiffany Barnes
15	2011	Gaming across different consoles: exploring the influence of control scheme on game-player enjoyment.	Anthony M Limperos, Michael G Schmierbach, Andrew D Kegerise, Frank E Dardis
15	2012	Gaming is a hard job, but someone has to do it!	Giovanni Viglietta
15	2011	Gaming security by obscurity	Dusko Pavlovic
16	2011	Gamma oscillations in schizophrenia: Mechanisms and clinical significance.	Yinming Sun, Faranak Farzan, Mera S Barr, Kenji Kirihara, Paul B Fitzgerald, Gregory A Light
16	2011	Gamma oscillations in the hippocampus require high complex I gene expression and strong functional performance of mitochondria.	Oliver Kann, Christine Huchzermeyer, Richard Kovács, Stefanie Wirtz, Markus Schuelke
17	2012	GaN and ZnO-based Materials and Devices	T Paul Chow, Z Li
17	2012	GaN based nanorods for solid state lighting	Shunfeng Li, Andreas Waag
18	2011	GaN nanodiscs embedded in nanowires as optochemical transducers.	J Teubert, P Becker, F Furtmayr, M Eickhoff
18	2011	GaN nanorods grown on Si (111) substrates and exciton localization.	Young S Park, Mark J Holmes, Y Shon, Im Taek Yoon, Hyunsik Im, Robert A Taylor
19	2011	GaN nanowire templates for the pendeoepitaxial coalescence overgrowth on Si(111) by molecular beam epitaxy	Pinar Dogan, Oliver Brandt, Carsten Pfüller, Anne-Kathrin Bluhm, Lutz Geelhaar, Henning Riechert
19	2011	GaN Nanowires Grown by Molecular Beam Epitaxy	Kris A Bertness, Norman A Sanford, Albert V Davydov
20	2011	GaN Single-Polarity Power Supply Bootstrapped Comparator for High-Temperature Electronics	Xiaosen Liu, Kevin J Chen
20	2011	GaN-Based LEDs With Air Voids Prepared by Laser Scribing and Chemical Etching	S C Shei, H M Lo, W C Lai, W C Lin, S J Chang
21	2011	GaN-Based Super Heterojunction Field Effect Transistors Using the Polarization Junction Concept	Akira Nakajima, Yasunobu Sumida, Mahesh H Dhyani, Hiroji Kawai, E M Narayanan
21	2011	GaN/Fe core/shell nanowires for nonvolatile spintronics on Si	Cunxu Gao, Rouin Farshchi, Claudia Roder, Pinar Dogan, Oliver Brandt
21	2011	GaN/ZnO Nanotube Heterostructure Light-Emitting Diodes Fabricated on Si	Chul-Ho Lee, Young Joon Hong, Yong-Jin Kim, Jinkyoung Yoo, Hyeonjun Baek, Seong-Ran Jeon
22	2011	Gap detection in endoscopic video sequences using graphs	Alexander Behrens, Masato Takami, Sebastian Gross, Til Aach
22	2011	Gap opening in graphene by simple periodic inhomogeneous strain	I I Naumov, A M Bratkovsky
22	2011	Gap Opening of Graphene by Dual FeCl 3 -Acceptor and K-Donor Doping	Jae Won Yang, Geunsik Lee, Jai Sam Kim, Kwang S Kim
22	2011	Gap size dependent transition from direct tunneling to field emission in single molecule junctions.	Dong Xiang, Yi Zhang, Feliks Pyatkov, Andreas Offenhäusser, Dirk Mayer
22	2012	Gap-plasmon nanoantennas and bowtie resonators	Dmitri Gramotnev, Anders Pors, Morten Willatzen, Sergey Bozhevolnyi
23	2011	Gaps in the ablation line as a potential cause of recovery from electrical isolation and their visualization using MRI.	Ravi Ranjan, Ritsushi Kato, Menekhem M Zviman, Timm M Dickfeld, Ariel Roguin, Ronald D Berger
25	2011	Gas sensing with Au-decorated carbon nanotubes.	Zeila Zanolli, Radouane Leghrib, Alexandre Felten, Jean-Jacques Pireaux, Eduard Llobet, Jean-Christophe Charlier
25	2011	Gas sensors based on thick films of semi-conducting single walled carbon nanotubes	Yann Battie, Olivier Ducloux, Philippe Thobois, Nelly Dorval, Jean Sébastien Lauret, Brigitte Attal-Trétout
27	2011	Gastrointestinal features of Parkinson's disease.	Leslie J Cloud, James G Greene
28	2012	Gate defined quantum confinement in suspended bilayer graphene	M T Allen, J Martin, A Yacoby
29	2011	GATE V6: a major enhancement of the GATE simulation platform enabling modelling of CT and radiotherapy.	S Jan, D Benoit, E Becheva, T Carlier, F Cassol, P Descourt
29	2011	Gate-activated photoresponse in a graphene p-n junction.	Max C Lemme, Frank H L Koppens, Abram L Falk, Mark S Rudner, Hongkun Park, Leonid S Levitov
29	2011	Gate-All-Around Junctionless Nanowire MOSFET With Improved Low-Frequency Noise Behavior	Pushpapraj Singh, Navab Singh, Jianmin Miao, Woo-Tae Park, Dim-Lee Kwong
29	2011	Gate-controlled guiding of electrons in graphene.	J R Williams, Tony Low, M S Lundstrom, C M Marcus
30	2012	Gate-controlled nonlinear conductivity of Dirac fermion in graphene field-effect transistors measured by terahertz time-domain spectroscopy.	Inhee Maeng, Seongchu Lim, Seung Jin Chae, Young Hee Lee, Hyunyong Choi, Joo-Hiuk Son
30	2011	Gate-Induced Schottky Barrier Lowering Effect in AlGaN/GaN Metal–2DEG Tunnel Junction Field Effect Transistor	Li Yuan, Hongwei Chen, Qi Zhou, Chunhua Zhou, Kevin J Chen
30	2011	Gate-Recessed InAlN / GaN HEMTs on SiC Substrate With Al 2 O 3 Passivation	Citable Link, Jinwook W Chung, Omair I Saadat, Jose M Tirado, Xiang Gao, Shiping Guo
30	2011	Gate-tuned normal and superconducting transport at the surface of a topological insulator	B Sacepe, J B Oostinga, J Li, A Ubaldini, N J G Couto, E Giannini
30	2012	Gate-tuning of graphene plasmons revealed by infrared nano-imaging	Z Fei, A S Rodin, G O Andreev, W Bao, A S McLeod, M Wagner
31	2011	Gated Mode Superconducting Nanowire Single Photon Detectors	Mohsen K Akhlaghi, A Hamed Majedi
32	2011	Gaussian graphical modeling reconstructs pathway reactions from high-throughput metabolomics data.	Jan Krumsiek, Karsten Suhre, Thomas Illig, Jerzy Adamski, Fabian J Theis
32	2011	Gaussian mixture implementation of the cardinalized probability hypothesis density filter for superpositional sensors	Daniel Hauschildt
33	2011	Gaussian process methods for estimating cortical maps	Jakob H Macke, Sebastian Gerwinn, Leonard E White, Matthias Kaschube, Matthias Bethge
34	2011	Gaussian process regression flow for analysis of motion trajectories	Kihwan Kim, Dongryeol Lee, Irfan Essa
35	2011	Gaussian Processes for Underdetermined Source Separation	Antoine Liutkus, Roland Badeau, G X E El Richard
35	2012	Gaussian Versus Uniform Distribution for Intrusion Detection in Wireless Sensor Networks	Yun Wang, Weihuang Fu, Dharma P Agrawal
36	2011	Gaze-independent brain-computer interfaces based on covert attention and feature attention	 Treder, NM Schmidt, B Blankertz
36	2011	GC-Content Normalization for RNA-Seq Data	Davide Risso, Katja Schwartz, Gavin Sherlock, Sandrine Dudoit
36	2011	GCTA: A Tool for Genome-wide Complex Trait Analysis	Jian Yang, S Hong Lee, Michael E Goddard, Peter M Visscher
36	2011	Gd-doping effect on performance of HfO[sub 2] based resistive switching memory devices using implantation approach	Haowei Zhang, Lifeng Liu, Bin Gao, Yuanjun Qiu, Xiaoyan Liu, Jing Lu
38	2012	Gecko-Inspired Controllable Adhesive Structures Applied to Micromanipulation	Yiğit Mengüç, Sang Yoon Yang, Seok Kim, John A Rogers, Metin Sitti
38	2011	Geckos : Combining Magnets and Pressure Images to Enable New Tangible-object Design and Interaction	Jakob Leitner, Michael Haller
39	2011	Gemma in April: A matrix-like parallel programming architecture on OpenCL	Tianji Wu, Di Wu, Yu Wang, Xiaorui Zhang, Hong Luo, Ningyi Xu
39	2011	Gender Affects Body Language Reading	Arseny A Sokolov, Samuel Krüger, Paul Enck, Ingeborg Krägeloh-Mann, Marina A Pavlova
39	2011	Gender and age differences in normal adult human brain: voxel-based morphometric study.	Ryuichi Takahashi, Kazunari Ishii, Tatsuya Kakigi, Kazumasa Yokoyama
39	2011	Gender difference and lifting technique under light load conditions: a principal component analysis	Erin M Sadler, Ryan B Graham, Joan M Stevenson
40	2011	Gender in the Middle East: Islam, State, Agency	Mounira M Charrad
40	2011	Gender-related patterns of dysprosody in Parkinson disease and correlation between speech variables and motor symptoms.	Sabine Skodda, Wenke Visser, Uwe Schlegel
41	2011	Gender-specificities in Alzheimer's disease and mild cognitive impairment.	Ana Pozueta, José Luis Vázquez-Higuera, Pascual Sánchez-Juan, Eloy Rodríguez-Rodríguez, Coro Sánchez-Quintana, Ignacio Mateo
41	2011	Gene and genome construction in yeast.	Daniel G Gibson
41	2011	Gene expression analysis in lymphoblasts derived from patients with autism spectrum disorder	Yuka Yasuda, Ryota Hashimoto, Hidenaga Yamamori, Kazutaka Ohi, Motoyuki Fukumoto, Satomi Umeda-Yano
42	2011	Gene expression analysis with an integrated CMOS microarray by time-resolved fluorescence detection.	Ta-chien D Huang, Sunirmal Paul, Ping Gong, Rastislav Levicky, John Kymissis, Sally A Amundson
42	2011	Gene expression control by protein deubiquitinases.	Lori Frappier, C Peter Verrijzer
42	2011	Gene expression in time and space: additive vs hierarchical organization of cis-regulatory regions.	Robert K Maeda, François Karch
43	2011	Gene Expression Profiles from Formalin Fixed Paraffin Embedded Breast Cancer Tissue Are Largely Comparable to Fresh Frozen Matched Tissue	Lorenza Mittempergher, Jorma J De Ronde, Marja Nieuwland, Ron M Kerkhoven, Iris Simon, Emiel J Th Rutgers
43	2011	Gene Expression Rhythms in the Mussel Mytilus galloprovincialis (Lam.) across an Annual Cycle	Mohamed Banni, Alessandro Negri, Flavio Mignone, Hamadi Boussetta, Aldo Viarengo, Francesco Dondero
44	2011	Gene ontology based transfer learning for protein subcellular localization	Suyu Mei, Wang Fei, Shuigeng Zhou
44	2011	Gene prediction based on DNA spectral analysis: a literature review.	Sajid A Marhon, Stefan C Kremer
45	2012	Gene regulatory network modeling via global optimization of high-order dynamic bayesian network.	Xuan Vinh Nguyen, Madhu Chetty, Ross Coppel, Pramod P Wangikar
47	2012	Gene-Z: a device for point of care genetic testing using a smartphone.	Robert D Stedtfeld, Dieter M Tourlousse, Gregoire Seyrig, Tiffany M Stedtfeld, Maggie Kronlein, Scott Price
47	2012	General and Nested Wiberg Minimization	Dennis Strelow
47	2011	General and specific functional connectivity disturbances in first-episode schizophrenia during cognitive control performance.	Alex Fornito, Jong Yoon, Andrew Zalesky, Edward T Bullmore, Cameron S Carter
47	2011	General approach to reliable characterization of thin metal films.	Tatiana V Amotchkina, Vesna Janicki, Jordi Sancho-Parramon, Alexander V Tikhonravov, Michael K Trubetskov, Hrvoje Zorc
48	2011	General conformal transformation method based on Schwarz-Christoffel approach	L Tang, J Yin, G Yuan, J Du, H Gao, Y Lu
48	2011	General Description of the Adsorption of Proteins at Their Iso-electric Point in Nanoporous Materials.	Lung-Ching Sang, Ajayan Vinu, Marc-Olivier Coppens
49	2011	General hypothesis for nanowire synthesis. I. Extended principles and evidential (experimental and theoretical) demonstration	S Noor Mohammad
49	2011	General hypothesis for nanowire synthesis. II: Universality	S Noor Mohammad
50	2011	General principles of investigating and managing drug allergy.	Anthony Frew
51	2011	General properties of transcriptional time series in Escherichia coli.	Lok-Hang So, Anandamohan Ghosh, Chenghang Zong, Leonardo A Sepúlveda, Ronen Segev, Ido Golding
51	2011	General strategy for fabricating transparent TiO2 nanotube arrays for dye-sensitized photoelectrodes: illumination geometry and transport properties.	Jin Young Kim, Jun Hong Noh, Kai Zhu, Adam F Halverson, Nathan R Neale, Sangbaek Park
52	2012	General Trajectory Prior for Non-Rigid Reconstruction	Jack Valmadre, Simon Lucey
53	2011	Generalised Wishart Processes	Andrew Wilson, Zoubin Ghahramani
53	2011	Generalizability and Simplicity as Criteria in Feature Selection: Application to Mood Classification in Music	Pasi Saari, Tuomas Eerola, Olivier Lartillot
54	2011	Generalized Analysis of a Distributed Energy Efficient Algorithm for Change Detection	Taposh Banerjee, Vinod Sharma, Veeraruna Kavitha, A K JayaPrakasam
54	2011	Generalized background subtraction based on hybrid inference by belief propagation and Bayesian filtering	Suha Kwak, Taegyu Lim, Woonhyun Nam, Bohyung Han, Joon Hee Han
55	2011	Generalized Centroid Estimators in Bioinformatics	Michiaki Hamada, Hisanori Kiryu, Wataru Iwasaki, Kiyoshi Asai
58	2011	Generalized Kalman-Yakubovich-Popov lemma for 2-D FM LSS model and its application to finite frequency positive real control	Xianwei Li, Huijun Gao
59	2011	Generalized methods and solvers for noise removal from piecewise constant signals. II. New methods	Max A Little, Nick S Jones
60	2012	Generalized Multiview Analysis : A Discriminative Latent Space	David W Jacobs
60	2011	Generalized ordering constraints for multilabel optimization	Evgeny Strekalovskiy, Daniel Cremers
60	2011	Generalized partial volume: an inferior density estimator to Parzen windows for normalized mutual information.	Sune Darkner, Jon Sporring
61	2011	Generalized propensity score for estimating the average treatment effect of multiple treatments.	Ping Feng, Xiao-Hua Zhou, Qing-Ming Zou, Ming-Yu Fan, Xiao-Song Li
61	2011	Generalized pulse-position modulation for optical power-efficient communication	Magnus Karlsson, Erik Agrell
62	2011	Generalized reliability-oriented energy management for real-time embedded applications	Baoxian Zhao, Hakan Aydin, Dakai Zhu
62	2011	Generalized SAR Despeckling Based on DTCWT Exploiting Interscale and Intrascale Dependences	J Jennifer Ranjani, S J Thiruvengadam
62	2012	Generalized State Coherence Transform for Multidimensional TDOA Estimation of Multiple Sources	Francesco Nesta, Maurizio Omologo
63	2011	Generalized subgraph preconditioners for large-scale bundle adjustment	Yong-Dian Jian, Doru C Balcan, Frank Dellaert
63	2012	Generalized Time Warping for Multi-modal Alignment of Human Motion	Fernando De Torre
63	2011	Generalized Value Functions for Large Action Sets	Jason Pazis, Parr Cs, Duke Edu
63	2011	Generalized Vector Model for the Brushless Doubly-Fed Machine With a Nested-Loop Rotor	Farhad Barati, Shiyi Shao, Ehsan Abdi, Hashem Oraee, Richard McMahon
64	2012	Generalized weighted crosstalk for DWDM systems with cascaded wavelength-selective switches	M Filer, S Tibuleac
64	2011	Generalizing foraging theory for analysis and design	T P Pavlic, K M Passino
65	2012	Generating adaptive behaviour within a memory-prediction framework.	David Rawlinson, Gideon Kowadlo
65	2012	Generating Checking Sequences for Nondeterministic Finite State Machines	Alexandre Petrenko, Adenilso Simao, Nina Yevtushenko
65	2011	Generating electricity from the oceans	AbuBakr S Bahaj
66	2011	Generating object hypotheses in natural scenes through human-robot interaction	Niklas Bergstrom, Marten Bjorkman, Danica Kragic
66	2011	Generating radiofrequency ablation lesions using magnetically coupled bipolar catheters.	Choonghee Lee, Eue-Keun Choi, Hyoun-Joong Kong, Young Bin Choy, Hee Chan Kim, Seil Oh
67	2011	Generating Text from Functional Brain Images	Francisco Pereira, Greg Detre, Matthew Botvinick
67	2011	Generating Text with Recurrent Neural Networks	James Martens
68	2011	Generation and analysis of expressed sequence tags (ESTs) for marker development in yam (Dioscorea alata L.)	Satya S Narina, Ramesh Buyyarapu, Kameswara Rao Kottapalli, Alieu M Sartie, Mohamed I Ali, Asiedu Robert
68	2011	Generation and near-field imaging of Airy surface plasmons	Alexander Minovich, Angela E Klein, Norik Janunts, Thomas Pertsch, Dragomir N Neshev, Yuri S Kivshar
69	2011	Generation maintenance scheduling in power systems using ant colony optimization for continuous domains based 0-1 integer programming	Abdolvahhab Fetanat, Gholamreza Shafipour
69	2011	Generation of 113 coherent and frequency-lock multi-carriers using cascaded phase modulators and EDFA loop for Tb/s optical communication	Junwen Zhang, Nan Chi, Jianjun Yu, Jiangbo Zhu, Yufeng Shao, Bo Huang
69	2011	Generation of 21 . 3 Gbaud 8PSK Signal Using an SOA-Based All-Optical Phase Modulator	J M Dailey, R P Webb, R J Manning
69	2012	Generation of 224-Gb / s Multicarrier Offset-QAM Using a Real-Time Transmitter	S Randel, S Corteselli, S Chandrasekhar, A Sierra, X Liu, P J Winzer
70	2012	Generation of a Synthetic Memory Trace.	Aleena R Garner, David C Rowland, Sang Youl Hwang, Karsten Baumgaertel, Bryan L Roth, Cliff Kentros
70	2012	Generation of coherent charge oscillations in the plane of GaAs quantum wells	Shekhar Priyadarshi, Klaus Pierz, Uwe Siegner, Philip Dawson, Mark Bieler
72	2011	Generation of Germline-Competent Rat Induced Pluripotent Stem Cells	Sanae Hamanaka, Tomoyuki Yamaguchi, Toshihiro Kobayashi, Megumi Kato-Itoh, Satoshi Yamazaki, Hideyuki Sato
72	2011	Generation of negative capacitance in a nanocolloid	J Shulman, Y Y Xue, S Tsui, F Chen, C W Chu
73	2011	Generation of optical quadrature duobinary format using optical delay interferometer	Shaoliang Zhang, Fatih Yaman, Lei Xu, Yin Shao, Ting Wang
73	2011	Generation of Realistic Particle Structures and Simulations of Internal Stress: A Numerical/AFM Study of LiMn2O4 Particles	Jeong Hun, Myoungdo Chung, Myounggu Park, Sang Woo, Xiangchun Zhang, Ann Marie
73	2012	Generation of Spectrally Efficient Nyquist-WDM QPSK Signals using DSP Techniques at Transmitter	Junyi Wang, Chongjin Xie, Z Pan
74	2011	Generation of Ultrastable Microwaves via Optical Frequency Division	T M Fortier, M S Kirchner, F Quinlan, J Taylor, J C Bergquist, T Rosenband
75	2011	Generative Embedding for Model-Based Classification of fMRI Data	Kay H Brodersen, Thomas M Schofield, Alexander P Leff, Cheng Soon Ong, Ekaterina I Lomakina, Joachim M Buhmann
75	2012	Generative-Discriminative Basis Learning for Medical Imaging.	Nematollah K Batmanghelich, Ben Taskar, Christos Davatzikos
76	2011	Generic project definitions for improvement of health care delivery: a case-based approach.	Gerard C Niemeijer, Ronald J M M Does, Jeroen De Mast, Albert Trip, Jaap Van Den Heuvel
76	2011	Generic Service Integration in Adaptive Learning Experiences using IMS Learning Design	Luis de-la-Fuente-Valentín, Abelardo Pardo, Carlos Delgado Kloos
76	2011	Generic single-channel detection of absence seizures	Eline B Petersen, Jonas Duun-Henriksen, Andrea Mazzaretto, Troels W Kjar, Carsten E Thomsen, Helge B D Sorensen
77	2012	Genes adopt non-optimal codon usage to generate cell cycle-dependent oscillations in protein levels	Milana Frenkel-Morgenstern, Tamar Danon, Thomas Christian, Takao Igarashi, Lydia Cohen, Ya-Ming Hou
78	2011	Genetic algorithm for minimizing the total weighted completion time scheduling problem with learning and release times	Chin-Chia Wu, Peng-Hsiang Hsu, Juei-Chao Chen, Nae-Sheng Wang
78	2011	Genetic algorithm methodology applied to intelligent house control	Filipe Fernandes, Tiago Sousa, Marco Silva, Hugo Morais, Zita Vale, Pedro Faria
78	2011	Genetic algorithm-base localization algorithm for wireless sensor networks	Gao Yang Gao Yang, Zhuang Yi Zhuang Yi, Ni Tianquan Ni Tianquan, Yin Keke Yin Keke, Xue Tongtong Xue Tongtong
79	2011	Genetic algorithms for ceiling form optimization in response to daylight levels	Tarek Rakha, Khaled Nassar
79	2011	Genetic algorithms for clustering and fuzzy clustering	Sanghamitra Bandyopadhyay
79	2011	Genetic algorithms for maximum power point tracking in photovoltaic systems	Slimane Hadji, Jean-Paul Gaubert, Fateh Krim
79	2011	Genetic Algorithms for Randomized Unit Testing	James H Andrews, Tim Menzies, Felix C H Li
80	2011	Genetic analysis of complex traits in the emerging Collaborative Cross.	David L Aylor, William Valdar, Wendy Foulds-Mathes, Ryan J Buus, Ricardo A Verdugo, Ralph S Baric
80	2011	Genetic analysis of cortical thickness and fractional anisotropy of water diffusion in the brain	Peter Kochunov, David C Glahn, Thomas E Nichols, Anderson M Winkler, Elliot L Hong, Henry H Holcomb
80	2011	Genetic analysis of H1N1 influenza virus from throat swab samples in a microfluidic system for point-of-care diagnostics.	B Scott Ferguson, Steven F Buchsbaum, Ting-Ting Wu, Kuangwen Hsieh, Yi Xiao, Ren Sun
81	2011	Genetic contribution of the leukotriene pathway to coronary artery disease.	Jaana Hartiala, Dalin Li, David V Conti, Susanna Vikman, Yesha Patel, W H Wilson Tang
81	2011	Genetic correlations of brain lesion distribution in multiple sclerosis: an exploratory study.	M H Sombekke, M M Vellinga, B M J Uitdehaag, F Barkhof, C H Polman, D Arteta
82	2011	Genetic dissection of the zebrafish habenula, a possible switching board for selection of behavioral strategy to cope with fear and anxiety	Hitoshi Okamoto, Masakazu Agetsuma, Hidenori Aizawa
82	2011	Genetic engineering of human pluripotent cells using TALE nucleases.	Dirk Hockemeyer, Haoyi Wang, Samira Kiani, Christine S Lai, Qing Gao, John P Cassady
82	2011	Genetic Heritability and Shared Environmental Factors Among Twin Pairs With Autism.	Joachim Hallmayer, Sue Cleveland, Andrea Torres, Jennifer Phillips, Brianne Cohen, Tiffany Torigoe
83	2011	Genetic influence on the working memory circuitry: Behavior, structure, function and extensions to illness	Katherine H Karlsgodt, Peter Bachman, Anderson M Winkler, Carrie E Bearden, David C Glahn
83	2011	Genetic influences of cortical gray matter in language-related regions in healthy controls and schizophrenia.	S Jamadar, N R Powers, S A Meda, J Gelernter, J R Gruen, G D Pearlson
83	2011	Genetic influences on cost-efficient organization of human cortical functional networks.	Alex Fornito, Andrew Zalesky, Danielle S Bassett, David Meunier, Ian Ellison-Wright, Murat Yücel
83	2011	Genetic patterns of correlation among subcortical volumes in humans: Results from a magnetic resonance imaging twin study.	Lisa T Eyler, Elizabeth Prom-Wormley, Christine Fennema-Notestine, Matthew S Panizzon, Michael C Neale, Terry L Jernigan
84	2011	Genetic risk and a primary role for cell-mediated immune mechanisms in multiple sclerosis	Stephen Sawcer, Garrett Hellenthal, Matti Pirinen, Chris C A Spencer, Nikolaos A Patsopoulos, Loukas Moutsianas
84	2011	Genetic risk profiling for prediction of type 2 diabetes	Raluca Mihaescu, James Meigs, Eric Sijbrands, Cecile Janssens
85	2011	Genetic variation and the fate of beneficial mutations in asexual populations.	Gregory I Lang, David Botstein, Michael M Desai
85	2011	Genetic variation in the genome-wide predicted estrogen response element-related sequences is associated with breast cancer development	Jyh-Cherng Yu, Chia-Ni Hsiung, Huan-Ming Hsu, Bo-Ying Bao, Shou-Tung Chen, Giu-Cheng Hsu
85	2011	Genetic variegation of clonal architecture and propagating cells in leukaemia	Kristina Anderson, Christoph Lutz, Frederik W Van Delft, Caroline M Bateman, Yanping Guo, Susan M Colman
85	2011	Genetic vulnerability and susceptibility to substance dependence.	Laura Jean Bierut
86	2012	Genetic-Algorithm Discovery of a Direct-Gap and Optically Allowed Superstructure from Indirect-Gap Si and Ge Semiconductors	Mayeul d’Avezac, Jun-Wei Luo, Thomas Chanier, Alex Zunger
86	2011	Genetics , Genomics , and Cancer Risk Assessment State of the Art and Future Directions in the Era of Personalized Medicine	Jeffrey N Weitzel, Kathleen R Blazer, Deborah J Macdonald
86	2011	Genetics of Alzheimer's disease: new evidences for an old hypothesis?	Jean-Charles Lambert, Philippe Amouyel
86	2011	Genetics of human episodic memory: dealing with complexity.	Andreas Papassotiropoulos, Dominique J-F De Quervain
87	2011	Genetics of sleep.	Rozi Andretic, Paul Franken, Mehdi Tafti
87	2011	Genome and transcriptome analyses of the mountain pine beetle-fungal symbiont Grosmannia clavigera, a lodgepole pine pathogen	Scott DiGuistini, Ye Wang, Nancy Y Liao, Greg Taylor, Philippe Tanguay, Nicolas Feau
87	2011	Genome annotation test with validation on transcription start site and ChIP-Seq for Pol-II binding data.	Justin Bedo, Adam Kowalczyk
87	2011	Genome engineering with zinc-finger nucleases.	Dana Carroll
87	2011	Genome partitioning of genetic variation for complex traits using common SNPs.	Jian Yang, Teri A Manolio, Louis R Pasquale, Eric Boerwinkle, Neil Caporaso, Julie M Cunningham
88	2011	Genome structural variation discovery and genotyping.	Can Alkan, Bradley P Coe, Evan E Eichler
88	2011	Genome-wide analysis of chromatin features identifies histone modification sensitive and insensitive yeast transcription factors.	Chao Cheng, Chong Shou, Kevin Y Yip, Mark B Gerstein
89	2011	Genome-wide analysis of rice and Arabidopsis identifies two glyoxalase genes that are highly expressed in abiotic stresses.	Ananda Mustafiz, Anil Kumar Singh, Ashwani Pareek, Sudhir Kumar Sopory, Sneh Lata Singla-Pareek
89	2011	Genome-Wide Analysis of Self-Renewal in Drosophila Neural Stem Cells by Transgenic RNAi	Ralph A Neumüller, Constance Richter, Anja Fischer, Maria Novatchkova, Klaus G Neumüller, Juergen A Knoblich
89	2011	Genome-wide analysis reveals novel molecular features of mouse recombination hotspots.	Fatima Smagulova, Ivan V Gregoretti, Kevin Brick, Pavel Khil, R Daniel Camerini-Otero, Galina V Petukhova
89	2011	Genome-wide assessment of imprinted expression in human cells	Lisanne Morcos, Bing Ge, Vonda Koka, Kevin CL Lam, Dmitry K Pokholok, Kevin L Gunderson
89	2011	Genome-wide association identifies a susceptibility locus for coronary artery disease in the Chinese Han population.	Fan Wang, Cheng-Qi Xu, Qing He, Jian-Ping Cai, Xiu-Chun Li, Dan Wang
89	2011	Genome-wide association studies and type 2 diabetes.	Mark I McCarthy, Eleftheria Zeggini
89	2011	Genome-wide association study identifies a common variant associated with risk of endometrial cancer.	Amanda B Spurdle, Deborah J Thompson, Shahana Ahmed, Kaltin Ferguson, Catherine S Healey, Tracy O'Mara
89	2011	Genome-wide association study identifies a susceptibility locus for HCV-induced hepatocellular carcinoma.	Vinod Kumar, Naoya Kato, Yuji Urabe, Atsushi Takahashi, Ryosuke Muroyama, Naoya Hosono
89	2011	Genome-wide association study identifies four genetic loci associated with thyroid volume and goiter risk.	Alexander Teumer, Rajesh Rawal, Georg Homuth, Florian Ernst, Margit Heier, Matthias Evert
89	2011	Genome-wide association study identifies susceptibility loci for IgA nephropathy.	Ali G Gharavi, Krzysztof Kiryluk, Murim Choi, Yifu Li, Ping Hou, Jingyuan Xie
90	2011	Genome-Wide Association Study of Schizophrenia in Japanese Population	Kazuo Yamada, Yoshimi Iwayama, Eiji Hattori, Kazuya Iwamoto, Tomoko Toyota, Tetsuo Ohnishi
91	2011	Genome-wide mapping of 5-hydroxymethylcytosine in embryonic stem cells.	William A Pastor, Utz J Pape, Yun Huang, Hope R Henderson, Ryan Lister, Myunggon Ko
91	2011	Genome-wide Maps of Histone Modifications Unwind In Vivo Chromatin States of the Hair Follicle Lineage.	Wen-Hui Lien, Xingyi Guo, Lisa Polak, Lee N Lawton, Richard A Young, Deyou Zheng
91	2011	Genome-wide regulation of 5hmC, 5mC, and gene expression by Tet1 hydroxylase in mouse embryonic stem cells.	Yufei Xu, Feizhen Wu, Li Tan, Lingchun Kong, Lijun Xiong, Jie Deng
92	2011	Genomewide association studies and human disease.	John Hardy, Andrew Singleton
92	2011	Genomic Analysis of Circadian Clock-, Light-, and Growth-Correlated Genes Reveals PHYTOCHROME-INTERACTING FACTOR5 as a Modulator of Auxin Signaling in Arabidopsis1[C][W][OA]	Kazunari Nozue, Stacey L Harmer, Julin N Maloof
93	2011	Genomics in the post-GWAS era.	Brian D Juran, Konstantinos N Lazaridis
93	2011	Genotype and SNP calling from next-generation sequencing data.	Rasmus Nielsen, Joshua S Paul, Anders Albrechtsen, Yun S Song
93	2011	Genotype networks, innovation, and robustness in sulfur metabolism	João F Matias Rodrigues, Andreas Wagner
93	2011	Genovo: de novo assembly for metagenomes.	Jonathan Laserson, Vladimir Jojic, Daphne Koller
94	2012	Genuine effectively biaxial left-handed metamaterials due to extreme coupling	Christoph Menzel, Rasoul Alaee, Ekaterina Pshenay-Severin, Christian Helgert, Arkadi Chipouline, Carsten Rockstuhl
94	2011	Geodesic Active FieldsA Geometric Framework for Image Registration	Dominique Zosso, Xavier Bresson, Jean-Philippe Thiran
95	2012	Geodesic Flow Kernel for Unsupervised Domain Adaptation	Boqing Gong, Yuan Shi, Fei Sha, Kristen Grauman
95	2011	Geographic Constraints on Social Network Groups	Jukka-Pekka Onnela, Samuel Arbesman, Marta C González, Albert-László Barabási, Nicholas A Christakis
96	2011	Geographic Trough Filling for Internet Datacenters	Dan Xu, Xin Liu
96	2011	Geographical Topic Discovery and Comparison	Zhijun Yin, Liangliang Cao, Jiawei Han, Chengxiang Zhai, Thomas Huang
98	2011	Geometric data perturbation for privacy preserving outsourced data mining	Keke Chen, Ling Liu
99	2011	Geometric interpretation of the Zero-Moment Point	Gijs Van Oort, Stefano Stramigioli
99	2011	Geometric investigation of a gaming active device	Fabio Menna, Fabio Remondino, Roberto Battisti, Erica Nocerino
99	2012	Geometric light trapping for high efficiency thin film silicon solar cells	Jordi Escarré, Karin Söderström, Matthieu Despeisse, Sylvain Nicolay, Corsin Battaglia, Gregory Bugnon
100	2011	Geometric Spin Hall Effect of Light at Polarizing Interfaces	Jan Korger, Andrea Aiello, Christian Gabriel, Peter Banzer, Tobias Kolb, Christoph Marquardt
101	2012	Geometric Understanding of Point Clouds Using Laplace-Beltrami Operator	U C Irvine
101	2011	Geometrical analysis of registration errors in point-based rigid-body registration using invariants.	Reuben R Shamir, Leo Joskowicz
101	2011	Geometrical and topological aspects of graphene and related materials	Alberto Cortijo, Francisco Guinea, Maria A H Vozmediano
102	2011	Geometrically consistent elastic matching of 3D shapes: A linear programming solution	Thomas Windheuser, Ulrich Schlickewei, Frank R Schmidt, Daniel Cremers
102	2012	Geometrically Constrained Room Modeling With Compact Microphone Arrays	Flávio Ribeiro, Dinei Florencio, Demba Ba, Cha Zhang
104	2011	Geometry variations analysis of TiO2 thin-film and spintronic memristors	Miao Hu, Hai Li, Yiran Chen, Xiaobin Wang, Robinson E Pino
104	2011	Geometry-aware multiscale image registration via OBBTree-based polyaffine log-demons.	Christof Seiler, Xavier Pennec, Mauricio Reyes
104	2011	Geometry-dependent critical currents in superconducting nanocircuits	John Clem, Karl Berggren
104	2011	GeoOLSR: Extension of OLSR to support Geocasting in Mobile Ad Hoc Networks	Koester V, Lewandowski A, Dorn D, Wietfeld C
105	2011	GeoServ: A Distributed Urban Sensing Platform	Jong Hoon Ahnn, Uichin Lee, Hyun Jin Moon
105	2012	Geospatial revolution and remote sensing LiDAR in Mesoamerican archaeology.	Arlen F Chase, Diane Z Chase, Christopher T Fisher, Stephen J Leisz, John F Weishampel
105	2011	Geospatial Web Service for Remote Sensing Data Visualization	Chunyang Hu, Yongwang Zhao, Jing Li, Dianfu Ma, Xuan Li
105	2012	Geothermal power generation in the world 2005–2010 update report	Ruggero Bertani
107	2011	GeSn technology: Extending the Ge electronics roadmap	Suyog Gupta, Robert Chen, Blanka Magyari-Kope, Hai Lin, Bin Yang, Aneesh Nainani
107	2011	Gestalt Principles for Attention and Segmentation in Natural and Artificial Vision Systems	Gert Kootstra, Niklas Bergström, Danica Kragic
108	2011	Gestural Embodiment of Environmental Sounds : an Experimental Study	B Caramiaux, P Susini, T Bianco, F Bevilacqua, O Houix, N Schnell
108	2012	Gesture Coder : A Tool for Programming Multi-Touch Gestures by Demonstration	Hao Lü
108	2011	Gesture Recognition for American Sign Language with Polygon Approximation	Geetha M, Rohit Menon, Suranya Jayan, Raju James, Janardhan G V V
109	2011	GestureFlow: Streaming gestures to an audience	Yuan Feng, Zimu Liu, Baochun Li
109	2011	Gestures recognition by using ultrasonic range-finders	Bogdan Kreczmer
109	2011	Get Out of the Way - Obstacle Avoidance and Learning by Demonstration for Manipulation	A S Phung, J Malzahn, F Hoffmann, T Bertram
110	2011	Getting ahead: context-dependent responses to odorant filaments drive along-stream progress during odor tracking in blue crabs.	Jennifer L Page, Brian D Dickman, Donald R Webster, Marc J Weissburg
110	2011	Getting Closer : An Empirical Investigation of the Proximity of User to Their Smart Phones	Anind K Dey, Katarzyna Wac, Denzil Ferreira, Kevin Tassini, Jin-hyuk Hong, Julian Ramos
111	2011	Getting physical in drug discovery II: the impact of chromatographic hydrophobicity measurements and aromaticity.	Robert J Young, Darren V S Green, Christopher N Luscombe, Alan P Hill
112	2011	Ghost femtocells: A novel radio resource management scheme for OFDMA based networks	Emilio Calvanese Strinati, Antonio De Domenico, Andrzej Duda
112	2011	Ghost Persistent Scatterers Related to Multiple Signal Reflections	Stefan Auer, Stefan Gernhardt, Richard Bamler
113	2011	GHz optomechanical resonators with high mechanical Q factor in air.	Xiankai Sun, King Y Fong, Chi Xiong, Wolfram H P Pernice, Hong X Tang
113	2011	Giant anharmonic phonon scattering in PbTe.	O Delaire, J Ma, K Marty, A F May, M A McGuire, M-H Du
113	2011	Giant broadband nonlinear optical absorption response in dispersed graphene single sheets	Geok-Kieng Lim, Zhi-Li Chen, Jenny Clark, Roland G S Goh, Wee-Hao Ng, Hong-Wee Tan
113	2011	Giant enhancement of spin accumulation and long-distance spin precession in metallic lateral spin valves.	Yasuhiro Fukuma, Le Wang, Hiroshi Idzuchi, Saburo Takahashi, Sadamichi Maekawa, YoshiChika Otani
114	2011	Giant Flexoelectric Effect in Ferroelectric Epitaxial Thin Films	Daesu Lee, A Yoon, S Y Jang, J G Yoon, J S Chung, M Kim
114	2011	Giant magneto-optical faraday effect in HgTe thin films in the terahertz spectral range.	A M Shuvaev, G V Astakhov, A Pimenov, C Brüne, H Buhmann, L W Molenkamp
114	2011	Giant magnetoresistance through a single molecule.	Stefan Schmaus, Alexei Bagrets, Yasmine Nahas, Toyo K Yamada, Annika Bork, Martin Bowen
115	2011	Giant nonlocality near the Dirac point in graphene.	D A Abanin, S V Morozov, L A Ponomarenko, R V Gorbachev, A S Mayorov, M I Katsnelson
115	2011	Giant piezoelectric size effects in zinc oxide and gallium nitride nanowires. A first principles investigation.	Ravi Agrawal, Horacio D Espinosa
115	2012	Giant spin Seebeck effect in a non-magnetic material	C M Jaworski, R C Myers, E Johnston-Halperin, J P Heremans
116	2011	Giant two-photon absorption in bilayer graphene.	Hongzhi Yang, Xiaobo Feng, Qian Wang, Han Huang, Wei Chen, Andrew T S Wee
116	2011	Gibbs free energy of liquid drops on conical fibers.	Stephen Michielsen, Jinlin Zhang, Jinmei Du, Hoon Joo Lee
117	2011	Gigapixel Binary Sensing: Image Acquisition Using Oversampled One-Bit Poisson Statistics	Feng Yang, Yue M Lu, Luciano Sbaiz, Martin Vetterli
119	2011	Gitools: Analysis and Visualisation of Genomic Data Using Interactive Heat-Maps	Christian Perez-Llamas, Nuria Lopez-Bigas
119	2011	Giving a helping hand: effects of joint attention on mental rotation of body parts	Anne Böckler, Günther Knoblich, Natalie Sebanz
119	2011	Glancing angle deposition of crystalline zinc oxide nanorods	Joshua M LaForge, Michael T Taschuk, Michael J Brett
120	2011	Glasses as engineering materials: A review	Eugen Axinte
120	2011	Glaucoma diagnostic capabilities of optic nerve head parameters as determined by Cirrus HD optical coherence tomography	Kyung Rim Sung, Jung Hwa Na, Youngrok Lee
121	2011	Gliese 581d is the first discovered terrestrial-mass exoplanet in the habitable zone	Robin Wordsworth, François Forget, Franck Selsis, Ehouarn Millour, Benjamin Charnay, Jean-Baptiste Madeleine
121	2011	Glioma stem cell proliferation and tumor growth are promoted by nitric oxide synthase-2.	Christine E Eyler, Qiulian Wu, Kenneth Yan, Jennifer M MacSwords, Devin Chandler-Militello, Katherine L Misuraca
121	2011	Gliomas : Histogram Analysis of Apparent Diffusion Coeffi cient Maps Purpose : Methods : Results	Yusuhn Kang, Seung Hong Choi, Kwang Gi Kim
123	2011	Global contrast based salient region detection	Ming-Ming Cheng, Guo-Xin Zhang, Niloy J Mitra, Xiaolei Huang, Shi-Min Hu
124	2011	Global fiber reconstruction becomes practical.	Marco Reisert, Irina Mader, Constantin Anastasopoulos, Matthias Weigel, Susanne Schnell, Valerij Kiselev
124	2011	Global Gene Expression Profiling of Endothelium Exposed to Heme Reveals an Organ-Specific Induction of Cytoprotective Enzymes in Sickle Cell Disease	Samit Ghosh, Fang Tan, Tianwei Yu, Yuhua Li, Olufolake Adisa, Mario Mosunjac
125	2011	Global Internet Phenomena Report	 Sandvine
125	2011	Global Localization of Objects via Touch	Anna Petrovskaya, Oussama Khatib
126	2011	GLOBAL MARKET OUTLOOK FOR PHOTOVOLTAICS UNTIL 2015	 Epia
126	2011	Global Navigation Space Systems: reliance and vulnerabilities	M Thomas
127	2011	Global optimization of fiber-optic communication systems using four-dimensional modulation formats	Leonardo D Coelho, Norbert Hanik
127	2011	Global optimization of wavelet-domain hidden Markov tree for image segmentation	Yinhui Zhang, Zifen He, Yunsheng Zhang, Xing Wu
127	2012	Global overview on grid-parity	Christian Breyer, Alexander Gerlach
128	2011	Global productiveness propagation: A code optimization technique to speculatively prune useless narrow computations	E B Sánchez J B González A A B B Bhagat I A Gibert
128	2011	Global quantification of mammalian gene expression control.	Björn Schwanhäusser, Dorothea Busse, Na Li, Gunnar Dittmar, Johannes Schuchhardt, Jana Wolf
128	2011	Global ridge orientation modeling for partial fingerprint identification.	Yi Alice Wang, Jiankun Hu
129	2011	Global stereo matching leveraged by sparse ground control points	Liang Wang, Ruigang Yang
130	2011	Global temperature evolution 1979–2010	Grant Foster, Stefan Rahmstorf
130	2011	Global warming’s impact on the performance of GSHP	Mohamad Kharseh, Lobna Altorkmany, Bo Nordell
131	2012	Globally Optimal Line Clustering and Vanishing Point Estimation in Manhattan World	Jean-charles Bazin, Yongduek Seo
131	2011	Globally optimal solution to multi-object tracking with merged measurements	Joao F Henriques, Rui Caseiro, Jorge Batista
132	2011	Globally-optimal greedy algorithms for tracking a variable number of objects	Hamed Pirsiavash, Deva Ramanan, Charless C Fowlkes
132	2011	GlobalMIT: learning globally optimal dynamic bayesian network with the mutual information test criterion.	Nguyen Xuan Vinh, Madhu Chetty, Ross Coppel, Pramod P Wangikar
132	2011	Glottal inverse filtering using stabilised weighted linear prediction	George P Kafentzis, Yannis Stylianou, Paavo Alku
134	2011	Glutamate induces de novo growth of functional spines in developing cortex.	Hyung-Bae Kwon, Bernardo L Sabatini
134	2011	Glutamatergic pre-ictal discharges emerge at the transition to seizure in human epilepsy.	Gilles Huberfeld, Liset Menendez De La Prida, Johan Pallud, Ivan Cohen, Michel Le Van Quyen, Claude Adam
134	2011	Glycan analysis by modern instrumental methods.	Martin Pabst, Friedrich Altmann
134	2011	Glycolytic oscillations and limits on robust efficiency.	Fiona A Chandra, Gentian Buzi, John C Doyle
135	2011	Go with the flow.	Itamar Procaccia
136	2011	Goal-based trajectory analysis for unusual behaviour detection in intelligent surveillance	Frederick Tung, John S Zelek, David A Clausi
136	2011	Goal-Driven Evaluation of Process Fragments Using Weighted Dependency Graphs Categories and Subject Descriptors	Thomas Birkhölzer, Christoph Dickmann, Stefan Ast
136	2011	GOBO: Gene Expression-Based Outcome for Breast Cancer Online	Markus Ringnér, Erik Fredlund, Jari Häkkinen, Åke Borg, Johan Staaf
137	2011	GoDec : Randomized Low-rank & Sparse Matrix Decomposition in Noisy Case	Tianyi Zhou
137	2011	Going into depth: Evaluating 2D and 3D cues for object classification on a new, large-scale object dataset	Bjorn Browatzki, Jan Fischer, Birgit Graf, Heinrich H Bulthoff, Christian Wallraven
137	2012	Going Up Against Time	Todd E Humphreys, Aaron A Fansler, Daniel Shepard
138	2011	Gold nanocone near-field scanning optical microscopy probes.	Monika Fleischer, Alexander Weber-Bargioni, M Virginia P Altoe, Adam M Schwartzberg, P James Schuck, Stefano Cabrini
138	2011	Gold nanoparticle dimers for plasmon sensing.	Yunan Cheng, Mang Wang, Gustaaf Borghs, Hongzheng Chen
138	2011	Gold Nanoparticle Layer: A Promising Platform for Ultra-Sensitive Cancer Detection.	Feng Zhou, Lin Yuan, Hongwei Wang, Dan Li, Hong Chen
139	2011	Gold nanoparticles in cancer therapy.	Zhao-Zhin Joanna Lim, Jia-En Jasmine Li, Cheng-Teng Ng, Lin-Yue Lanry Yung, Boon-Huat Bay
139	2011	Gold nanoparticles: a revival in precious metal administration to patients.	A S Thakor, J Jokerst, C Zavaleta, T F Massoud, S S Gambhir
140	2011	Gold nanorods: Their potential for photothermal therapeutics and drug delivery, tempered by the complexity of their biological interactions.	Alaaldin M Alkilany, Lucas B Thompson, Stefano P Boulos, Patrick N Sisco, Catherine J Murphy
140	2011	Gold, platinum, and aluminum nanodisk plasmons: material independence, subradiance, and damping mechanisms.	Igor Zorić, Michael Zäch, Bengt Kasemo, Christoph Langhammer
140	2011	Gold-Free GaAs Nanowire Synthesis and Optical Properties	A Fontcuberta I Morral
140	2011	Gold-nanoparticle-assisted random lasing from powdered GaN.	Toshihiro Nakamura, Tomohiro Hosaka, Sadao Adachi
141	2011	Gonadal steroids prevent cell damage and stimulate behavioral recovery after transient middle cerebral artery occlusion in male and female rats.	Jon Dang, Bhimashankar Mitkari, Markus Kipp, Cordian Beyer
141	2011	Gone with the wind? — Electricity market prices and incentives to invest in thermal power plants under increasing wind energy supply	Thure Traber, Claudia Kemfert
142	2011	Good things in small packages	Pushkar Apte, W R Bottoms, William Chen, George Scalise
142	2011	Google + for Business	Using Google, Social Network
142	2011	Google App Engine	 Google
143	2011	Google Effects on Memory: Cognitive Consequences of Having Information at Our Fingertips	B Sparrow, J Liu, D M Wegner
143	2011	Google It: Obtaining Information About Local STD/HIV Testing Services Online.	Melissa A Habel, Julia Hood, Sheila Desai, Rachel Kachur, Eric R Buhi, Nicole Liddon
143	2012	Google's hybrid approach to research	Alfred Spector, Peter Norvig, Slav Petrov
143	2011	GoQBot: a caterpillar-inspired soft-bodied rolling robot.	Huai-Ti Lin, Gary G Leisk, Barry Trimmer
144	2011	Gossip-Based Algorithm for Joint Signature Estimation and Node Calibration in Sensor Networks	Naveen Ramakrishnan, Emre Ertin, Randolph L Moses
145	2011	GPAS: A general-purpose automatic survey system based on vehicular ad hoc networks	Zhengming Li, Congyi Liu, Chunxiao Chigan
145	2011	GPCRs Revisited: New Insights Lead to Novel Drugs	Richard M Eglen, Terry Reisine
145	2011	GPGPU Acceleration Algorithm for Medical Image Reconstruction	Virasin Archirapatkave, Hendra Sumilo, Simon Chong Wee See, Tiranee Achalakul
146	2011	GPS scintillation studies in the arctic region during the first winter-phase 2008 Indian Arctic Expedition	A K Gwal, Amit Jain
146	2011	GPS tomography in the polar cap: Comparison with ionosondes and in situ spacecraft data	D Pokhotelov, P T Jayachandran, C N Mitchell, J W Macdougall, M H Denton
147	2011	GPU accelerated biochemical network simulation	Yanxiang Zhou, Juliane Liepe, Xia Sheng, Michael P H Stumpf, Chris Barnes
148	2011	Gpu architecture for stationary multisensor pedestrian detection at smart intersections	Daniel Weimer, Sebastian Kohler, Christian Hellert, Konrad Doll, Ulrich Brunsmann, Roland Krzikalla
148	2011	GPU Computing in EGI Environment Using a Cloud Approach	Flavio Vella, Riccardo M Cefal X B, Alessandro Costantini, Osvaldo Gervasi, Claudio Tanci
148	2011	GPU computing in medical physics: a review.	Guillem Pratx, Lei Xing
149	2011	GPU-accelerated protein sequence alignment	Laiq Hasan, Marijn Kentie, Zaid Al-Ars
149	2011	GPU-based beamformer: Fast realization of plane wave compounding and synthetic aperture imaging.	Billy S Yiu, Ivan H Tsang, Alfred H Yu
150	2012	GPU-based real-time detection and analysis of biological targets using solid-state nanopores.	Abdul Hafeez, Waseem Asghar, M Mustafa Rafique, Samir M Iqbal, Ali R Butt
150	2011	GPU-based real-time small displacement estimation with ultrasound	Stephen Rosenzweig, Mark Palmeri, Kathryn Nightingale
150	2011	GPU-BLAST: using graphics processors to accelerate protein sequence alignment	Panagiotis D Vouzis, Nikolaos V Sahinidis
150	2011	GPU-enabled parallel processing for image halftoning applications	Barry Trager, Chai Wah Wu, Mikel Stanich, Kartheek Chandu
151	2011	Graded index and randomly oriented core-shell silicon nanowires with broadband and wide angle antireflection for photovoltaic cell applications	P Pignalosa, H Lee, L Qiao, M Tseng, Yasha Yi
151	2011	Graded Metallic Gratings for Ultrawideband Surface Wave Trapping at THz Frequencies	Qiaoqiang Gan, Filbert J Bartoli
152	2012	Gradient Echo Imaging	Michael Markl, Jochen Leupold
153	2012	Gradient response maps for real-time detection of textureless objects.	Stefan Hinterstoisser, Cedric Cagniart, Slobodan Ilic, Peter Sturm, Nassir Navab, Pascal Fua
153	2011	Gradient solvent vapor annealing of block copolymer thin films using a microfluidic mixing device.	Julie N L Albert, Timothy D Bogart, Ronald L Lewis, Kathryn L Beers, Michael J Fasolka, J Brian Hutchison
153	2012	Gradient-based image recovery methods from incomplete Fourier measurements.	Vishal M Patel, Ray Maleh, Anna C Gilbert, Rama Chellappa
153	2011	Gradient-based learning of higher-order image features	Roland Memisevic
154	2012	Gradient-index meta-surfaces as a bridge linking propagating waves and surface waves	Shulin Sun, Qiong He, Shiyi Xiao, Qin Xu, Xin Li, Lei Zhou
155	2011	Gradual anisometric-isometric transition for human-machine interfaces	Tricia L Gibo, Michele F Rotella, Amy J Bastian, Allison M Okamura
155	2011	Graduate Students' Teaching Experiences Improve Their Methodological Research Skills	D F Feldon, J Peugh, B E Timmerman, M A Maher, M Hurst, D Strickland
155	2011	Graft copolymer-based lithium-ion battery for high-temperature operation	Qichao Hu, Sebastian Osswald, Reece Daniel, Yan Zhu, Steven Wesel, Luis Ortiz
155	2011	Grain Size and Texture of Cu2ZnSnS4 Thin Films Synthesized by Cosputtering Binary Sulfides and Annealing: Effects of Processing Conditions and Sodium	W M Hlaing Oo, J L Johnson, A Bhatia, E A Lund, M M Nowell, M A Scarpulla
156	2011	Grains and grain boundaries in single-layer graphene atomic patchwork quilts.	Pinshane Y Huang, Carlos S Ruiz-Vargas, Arend M Van Der Zande, William S Whitney, Mark P Levendorf, Joshua W Kevek
156	2011	Grammar-Guided Evolutionary Construction of Bayesian Networks	José M Font, Daniel Manrique, Eduardo Pascua
157	2011	Granger Causal Connectivity Analysis : A MATLAB Toolbox	Anil K Seth
157	2011	Granger causal influence predicts BOLD activity levels in the default mode network.	Qing Jiao, Guangming Lu, Zhiqiang Zhang, Yuan Zhong, Zhengge Wang, Yongxin Guo
157	2011	Granger causality analysis implementation on MATLAB: A graphic user interface toolkit for fMRI data processing	Zhen-xiang Zang, Chao-gan Yan, Zhang-ye Dong, Jian Huang, Yu-feng Zang
158	2011	Granger causality with signal-dependent noise	Qiang Luo, Tian Ge, Jianfeng Feng
159	2011	Graph Classification using Signal Subgraphs: Applications in Statistical Connectomics	Joshua T Vogelstein, William R Gray, R Jacob Vogelstein, Carey E Priebe
159	2011	Graph coloring based spectrum allocation for femtocell downlink interference mitigation	Li Tan, Zhiyong Feng, Wei Li, Zhong Jing, T Aaron Gulliver
159	2011	Graph cuts for curvature based image denoising.	Egil Bae, Juan Shi, Xue-Cheng Tai
159	2012	Graph Cuts Optimization for Multi-Limb Human Segmentation in Depth Maps	Antonio Hern, Alexander Marinov, Miguel Reyes
160	2011	Graph Embedding Discriminant Analysis on Grassmannian Manifolds for Improved Image Set Matching	Mehrtash T Harandi, Conrad Sanderson, Sareh Shirazi, Brian C Lovell
160	2011	Graph matching through entropic manifold alignment	Francisco Escolano, Edwin R Hancock, Miguel Angel Lozano
161	2012	Graph Theoretical Analysis of Organization of Functional Brain Networks in ADHD	M Ahmadlou, H Adeli, A Adeli
162	2012	Graph-based Detection , Segmentation & Characterization of Brain Tumors	Sarah Parisot, Hugues Duffau, Nikos Paragios, Equipe Galen, Inria Saclay, Ligm U M R Cnrs
162	2011	Graph-Based Dynamic Frequency Reuse in Femtocell Networks	Serkan Uygungelen, Gunther Auer, Zubin Bharucha
163	2011	Graph-cut-based 3D model segmentation for articulated object reconstruction	Inkyu Han, Hyoungnyoun Kim, Ji-Hyung Park
163	2012	Graph-Guided Sparse Reconstruction for Region Tagging	Yahong Han, Fei Wu, Jian Shao, Qi Tian, Yueting Zhuang
163	2011	Graph-Theoretic Analysis and Synthesis of Relative Sensing Networks	Daniel Zelazo, Mehran Mesbahi
164	2011	Graphene - A Promising Material for Organic Photovoltaic Cells	Xiangjian Wan, Guankui Long, Lu Huang, Yongsheng Chen
164	2011	Graphene adhesion on MoS(2) monolayer: An ab initio study.	Yandong Ma, Ying Dai, Meng Guo, Chengwang Niu, Baibiao Huang
164	2011	Graphene analogues of layered metal selenides	H S S Ramakrishna Matte, Blake Plowman, Ranjan Datta, C N R Rao
164	2011	Graphene and carbon nanotube composite electrodes for supercapacitors with ultra-high energy density.	Qian Cheng, Jie Tang, Jun Ma, Han Zhang, Norio Shinya, Lu-Chang Qin
164	2012	Graphene annealing: how clean can it be?	Yung-Chang Lin, Chun-Chieh Lu, Chao-Huei Yeh, Chuanhong Jin, Kazu Suenaga, Po-Wen Chiu
165	2011	Graphene as cellular interface: electromechanical coupling with cells.	Ravindra Kempaiah, Alfred Chung, Vivek Maheshwari
165	2012	Graphene as transparent conducting electrodes in organic photovoltaics: studies in graphene morphology, hole transporting layers, and counter electrodes.	Hyesung Park, Patrick R Brown, Vladimir Bulović, Jing Kong
165	2012	Graphene Barristor, a Triode Device with a Gate-Controlled Schottky Barrier	Heejun Yang, Jinseong Heo, Seongjun Park, Hyun Jae Song, David H Seo, Kyung-Eun Byun
165	2011	Graphene based materials: Past, present and future	Virendra Singh, Daeha Joung, Lei Zhai, Soumen Das, Saiful I Khondaker, Sudipta Seal
165	2011	Graphene Bimetallic-like Cantilevers: Probing Graphene/Substrate Interactions.	Hiram Conley, Nickolay V Lavrik, Dhiraj Prasai, Kirill I Bolotin
165	2011	Graphene bubbles with controllable curvature	T Georgiou, L Britnell, P Blake, R V Gorbachev, A Gholinia, A K Geim
165	2011	Graphene Chemistry: Synthesis and Manipulation	Zhengzong Sun, Dustin K James, James M Tour
165	2011	Graphene Covalently Binding Aryl Groups: Conductivity Increases Rather than Decreases	Ping Huang, Huarui Zhu, Long Jing, Yuliang Zhao, Xueyun Gao
165	2011	Graphene Doping: A Review	Beidou Guo, Liang Fang, Baohong Zhang, Jian Ru Gong
166	2011	Graphene epitaxy by chemical vapor deposition on SiC.	W Strupinski, K Grodecki, A Wysmolek, R Stepniewski, T Szkopek, P E Gaskell
166	2011	Graphene Field Effect Transistors: Diffusion-Drift Theory	Gennady I Zebrev
166	2012	Graphene field-effect transistors	Dharmendar Reddy, Leonard F Register, Gary D Carpenter, Sanjay K Banerjee
166	2011	Graphene Flash Memory.	Augustin J Hong, Emil B Song, Hyung Suk Yu, Matthew J Allen, Jiyoung Kim, Jesse D Fowler
166	2011	Graphene for controlled and accelerated osteogenic differentiation of human mesenchymal stem cells.	Tapas R Nayak, Henrik Andersen, Venkata S Makam, Clement Khaw, Sukang Bae, Xiangfan Xu
166	2012	Graphene for future electronics	Pirjo Pasanen, Martti Voutilainen, Meri Helle, Xuefeng Song, Pertti J Hakonen
167	2011	Graphene growth by a metal-catalyzed solid-state transformation of amorphous carbon.	Julio A Rodríguez-Manzo, Cuong Pham-Huu, Florian Banhart
167	2011	Graphene Growth from a Spin-Coated Polymer without a Reactive Gas	Satoru Suzuki, Yusuke Takei, Kazuaki Furukawa, Hiroki Hibino
167	2011	Graphene growth on Ni(111) by transformation of a surface carbide.	Jayeeta Lahiri, Travis Miller, Lyudmyla Adamska, Ivan I Oleynik, Matthias Batzill
167	2011	Graphene growth using a solid carbon feedstock and hydrogen.	Hengxing Ji, Yufeng Hao, Yujie Ren, Matthew Charlton, Wi Hyoung Lee, Qingzhi Wu
167	2011	Graphene in biomedicine: opportunities and challenges.	Liangzhu Feng, Zhuang Liu
167	2011	Graphene in biosensing	Martin Pumera
167	2011	Graphene magnetoresistance device in van der Pauw geometry.	Jianming Lu, Haijing Zhang, Wu Shi, Zhe Wang, Yuan Zheng, Ting Zhang
167	2011	Graphene Metrology: Centimeter-Scale High-Resolution Metrology of Entire CVD-Grown Graphene Sheets (Small 18/2011).	Jennifer Reiber Kyle, Ali Guvenc, Wei Wang, Maziar Ghazinejad, Jian Lin, Shirui Guo
168	2011	Graphene moiré mystery solved ?	Daniel P Kennedy, Ralph Adolphs
168	2011	Graphene Nanoplatelet Cathode for	Co III, I I Mediated
168	2011	Graphene Nanoribbon FETs: Technology Exploration for Performance and Reliability	Mihir R Choudhury, Youngki Yoon, Jing Guo, Kartik Mohanram
168	2011	Graphene nanoribbons by chemists: nanometer-sized, soluble, and defect-free.	Lukas Dössel, Lileta Gherghel, Xinliang Feng, Klaus Müllen
168	2011	Graphene nanoribbons from unzipped carbon nanotubes: atomic structures, Raman spectroscopy, and electrical properties.	Liming Xie, Hailiang Wang, Chuanhong Jin, Xinran Wang, Liying Jiao, Kazu Suenaga
168	2012	Graphene nanoribbons subject to gentle bends	P Koskinen
168	2011	Graphene Nanoribbons with Smooth Edges Behave as Quantum Wires	Xinran Wang, Yijian Ouyang, Liying Jiao, Hailiang Wang, Liming Xie, Justin Wu
168	2011	Graphene Nanoribbons: from chemistry to circuits	Frank Tseng, Dincer Unluer, Mircea R Stan, Avik W Ghosh
169	2011	Graphene network on indium tin oxide nanodot nodes for transparent and current spreading electrode in InGaN/GaN light emitting diode	Tae Hoon Seo, Kang Jea Lee, Tae Su Oh, Yong Seok Lee, Hyun Jeong, Ah Hyun Park
169	2011	Graphene on ferromagnetic surfaces and its functionalization with water and ammonia	S Boettcher, M Weser, Yu S Dedkov, K Horn, E N Voloshina, B Paulus
169	2011	Graphene on incommensurate substrates: trigonal warping and emerging Dirac cone replicas with halved group velocity	Carmine Ortix, Liping Yang, Jeroen Van Den Brink
169	2011	Graphene on Ir(111): Physisorption with chemical modulation	Carsten Busse, Predrag Lazić, Rabie Djemour, Johann Coraux, Timm Gerber, Nicolae Atodiresei
169	2011	Graphene optoelectronics: Plasmons get tuned up	Farhan Rana
169	2011	Graphene oxide as surfactant sheets	Laura J Cote, Jaemyung Kim, Vincent C Tung, Jiayan Luo, Franklin Kim, Jiaxing Huang
169	2011	Graphene Oxide Interlayers for Robust, High-Efficiency Organic Photovoltaics	Ian P Murray, Sylvia J Lou, Laura J Cote, Stephen Loser, Cameron J Kadleck, Tao Xu
169	2011	Graphene oxide liquid crystals.	Ji Eun Kim, Tae Hee Han, Sun Hwa Lee, Ju Young Kim, Chi Won Ahn, Je Moon Yun
169	2011	Graphene oxide nanoplatelets as excellent electrochemical active materials for VO2+/VO2+ and V2+/V3+ redox couples for a vanadium redox flow battery	Pengxian Han, Haibo Wang, Zhihong Liu, Xiao Chen, Wen Ma, Jianhua Yao
170	2011	Graphene oxide windows for in situ environmental cell photoelectron spectroscopy.	Andrei Kolmakov, Dmitriy A Dikin, Laura J Cote, Jiaxing Huang, Majid Kazemian Abyaneh, Matteo Amati
170	2011	Graphene oxide-peptide conjugate as an intracellular protease sensor for caspase-3 activation imaging in live cells.	Haibo Wang, Qing Zhang, Xia Chu, Tingting Chen, Jia Ge, Ruqin Yu
170	2011	Graphene patchwork.	Goki Eda, Manish Chhowalla
170	2011	Graphene plasmon waveguiding and hybridization in individual and paired nanoribbons	Johan Christensen, Alejandro Manjavacas, Sukosin Thongrattanasiri, Frank H L Koppens, García De Abajo, F Javier
170	2011	Graphene plasmonics for tunable terahertz metamaterials	Long Ju, Baisong Geng, Jason Horng, Caglar Girit, Michael Martin, Zhao Hao
170	2011	Graphene plasmonics: A platform for strong light-matter interaction	Frank H L Koppens, Darrick E Chang, García De Abajo, F Javier
170	2011	Graphene quantum dots formed by a spatial modulation of the Dirac gap	G Giavaras, Franco Nori
170	2012	Graphene quilts for thermal management of high-power GaN transistors	Zhong Yan, Guanxiong Liu, Javed M Khan, Alexander A Balandin
171	2012	graphene resonator	Anil Kumar, S Ramakrishnan, Mandar M Deshmukh
171	2011	Graphene Sensors	Ernie W Hill, Aravind Vijayaragahvan, Kostya Novoselov
171	2011	Graphene spintronic devices with molecular nanomagnets.	Andrea Candini, Svetlana Klyatskaya, Mario Ruben, Wolfgang Wernsdorfer, Marco Affronte
171	2011	Graphene supercapacitor electrodes fabricated by inkjet printing and thermal reduction of graphene oxide	Linh T Le, Matthew H Ervin, Hongwei Qiu, Brian E Fuchs, Woo Y Lee
171	2011	Graphene surface-enabled lithium ion-exchanging cells: next-generation high-power energy storage devices.	Bor Z Jang, Chenguang Liu, David Neff, Zhenning Yu, Ming C Wang, Wei Xiong
171	2012	Graphene thickness-graded transistors with reduced electronic noise	Guanxiong Liu, Sergey Rumyantsev, Michael Shur, Alexander A Balandin
171	2011	Graphene Transistor Arrays for Recording Action Potentials from Electrogenic Cells.	Lucas H Hess, Michael Jansen, Vanessa Maybeck, Moritz V Hauf, Max Seifert, Martin Stutzmann
171	2011	Graphene transistors are insensitive to pH changes in solution	Wangyang Fu, Cornelia Nef, Oren Knopfmacher, Alexey Tarasov, Markus Weiss, Michel Calame
171	2011	Graphene transistors via in situ voltage-induced reduction of graphene-oxide under ambient conditions.	Jeffrey M Mativetsky, Andrea Liscio, Emanuele Treossi, Emanuele Orgiu, Alberto Zanelli, Paolo Samorì
172	2012	Graphene under spatially varying external potentials: Landau levels, magnetotransport, and topological modes	Si Wu, Matthew Killi, Arun Paramekanti
172	2011	Graphene valley filter using a line defect.	Daniel Gunlycke, Carter T White
172	2011	Graphene Versus Carbon Nanotubes in Electronic Devices	Chandan Biswas, Young Hee Lee
172	2011	Graphene-based bimorph microactuators.	Shou-En Zhu, Roxana Shabani, Jonghyun Rho, Youngsoo Kim, Byung Hee Hong, Jong-Hyun Ahn
172	2011	Graphene-based biosensors for detection of bacteria and their metabolic activities	Yinxi Huang, Xiaochen Dong, Yuxin Liu, Lain-Jong Li, Peng Chen
172	2011	Graphene-based bipolar spin diode and spin transistor: Rectification and amplification of spin-polarized current	Minggang Zeng, Lei Shen, Miao Zhou, Chun Zhang, Yuanping Feng
172	2012	Graphene-based composites	Xiao Huang, Xiaoying Qi, Freddy Boey, Hua Zhang
172	2011	Graphene-based conducting inks for direct inkjet printing of flexible conductive patterns and their applications in electric circuits and chemical sensors	Lu Huang, Yi Huang, Jiajie Liang, Xiangjian Wan, Yongsheng Chen
173	2011	Graphene-Based Flexible Supercapacitors: Pulse-Electropolymerization of Polypyrrole on Free-Standing Graphene Films	Aaron Davies, Philippe Audette, Blake Farrow, Fathy Hassan, Zhongwei Chen, Ja-yeon Choi
173	2012	Graphene-Based Frequency Tripler	Hong-Yan Chen, Joerg Appenzeller
173	2012	Graphene-based heterojunction between two topological insulators	Oleksii Shevtsov, Pierre Carmier, Cyril Petitjean, Christoph Groth, David Carpentier, Xavier Waintal
173	2011	Graphene-based materials: synthesis, characterization, properties, and applications.	Xiao Huang, Zongyou Yin, Shixin Wu, Xiaoying Qi, Qiyuan He, Qichun Zhang
173	2011	Graphene-based polymer nanocomposites	Jeffrey R Potts, Daniel R Dreyer, Christopher W Bielawski, Rodney S Ruoff
173	2011	Graphene-based sample supports for in situ high-resolution TEM electrical investigations	B Westenfelder, J C Meyer, J Biskupek, G Algara-Siller, L G Lechner, J Kusterer
173	2011	Graphene-based spin caloritronics.	Minggang Zeng, Yuanping Feng, Gengchiau Liang
173	2011	Graphene-Based Supercapacitors: A Computer Simulation Study	Youngseon Shim, YounJoon Jung, Hyung J Kim
173	2011	Graphene-based thermal interface materials	Khan M F Shahil, Alexander A Balandin
174	2012	Graphene-based wireless bacteria detection on tooth enamel	Manu S Mannoor, Hu Tao, Jefferson D Clayton, Amartya Sengupta, David L Kaplan, Rajesh R Naik
174	2011	Graphene-DNA hybrid materials: assembly, applications, and prospects	Thathan Premkumar, Kurt E Geckeler
174	2011	Graphene-encapsulated nanoparticle-based biosensor for the selective detection of cancer biomarkers.	Sung Myung, Aniruddh Solanki, Cheoljin Kim, Jaesung Park, Kwang S Kim, Ki-Bum Lee
174	2012	Graphene-Ferroelectric Hybrid Structure for Flexible Transparent Electrodes	Guang-Xin Ni, Yi Zheng, Sukang Bae, Chin Yaw Tan, Orhan Kahya, Jing Wu
174	2012	Graphene-multilayer graphene nanocomposites as highly efficient thermal interface materials.	Khan M F Shahil, Alexander A Balandin
174	2011	Graphene-on-paper sound source devices.	He Tian, Tian-Ling Ren, Dan Xie, Yu-Feng Wang, Chang-Jian Zhou, Ting-Ting Feng
174	2012	Graphene-Side-Gate Engineering	Ching-tzu Chen, Tony Low, Hsin-ying Chiu, Wenjuan Zhu
174	2011	Graphene-silicon Schottky diodes.	Chun-Chung Chen, Mehmet Aykol, Chia-Chi Chang, A F J Levi, Stephen B Cronin
174	2011	Graphene/GaN Schottky diodes: Stability at elevated temperatures	S Tongay, M Lemaitre, T Schumann, K Berke, B R Appleton, B Gila
174	2011	Graphene/nanosized silicon composites for lithium battery anodes with improved cycling stability	Hongfa Xiang, Kai Zhang, Ge Ji, Jim Yang Lee, Changji Zou, Xiaodong Chen
174	2011	Graphene/polyethylene nanocomposites: Effect of polyethylene functionalization and blending methods	Hyunwoo Kim, Shingo Kobayashi, Mohd A AbdurRahim, Minglun J Zhang, Albina Khusainova, Marc A Hillmyer
175	2011	Graphene: materials in the Flatland (Nobel lecture).	Kostya S Novoselov
175	2011	Graphene: Piecing it together	Mark H Rümmeli, Claudia G Rocha, Frank Ortmann, Imad Ibrahim, Haldun Sevincli, Felix Börrnert
175	2011	Graphene: preparation and structural perfection	M Inagaki, Y A Kim, M Endo
175	2011	Graphene: pushing the boundaries.	Pulickel M Ajayan, Boris I Yakobson
176	2011	Graphene: Trilayers unravelled	Marcus Freitag
176	2011	Graphical Approach to Model Reduction for Nonlinear Biochemical Networks	David O Holland, Nicholas C Krainak, Jeffrey J Saucerman
176	2011	Graphical Models for the Internet	Alexander Smola, Amr Ahmed
177	2011	Graphical models, potential outcomes and causal inference: comment on Ramsey, Spirtes and Glymour.	Martin A Lindquist, Michael E Sobel
177	2011	Graphics processing units and genetic programming: an overview	WB Langdon
177	2011	Graphing and Grafting Graphene: Classifying Finite Topological Defects	Eric Cockayne
177	2012	graphite - a Bioconductor package to convert pathway topology to gene network	Gabriele Sales, Enrica Calura, Duccio Cavalieri, Chiara Romualdi
178	2011	GraphLab: A Distributed Framework for Machine Learning in the Cloud	Yucheng Low, Joseph Gonzalez, Aapo Kyrola, Danny Bickson, Carlos Guestrin
180	2011	Grassmannian Differential Limited Feedback for Interference Alignment	Omar El Ayach, Robert W Heath
180	2011	Grating Coupler Embedded Silicon Platform for Hybrid Integrated Receivers	J H Song, J H Chang, J Zhang, H Zhang, M K Park, C Li
180	2011	Grating coupler integrated photodiodes for plasmon resonance based sensing.	Burak Turker, Hasan Guner, Sencer Ayas, Okan O Ekiz, Handan Acar, Mustafa O Guler
180	2011	Grating lobe elimination in steerable parametric loudspeaker	Chuang Shi, Woon-Seng Gan
181	2011	Grating-Based Optical Fiber Interfaces for Silicon-on-Insulator Photonic Integrated Circuits	G Roelkens, D Vermeulen, S Selvaraja, R Halir, W Bogaerts, D Van Thourhout
181	2011	Gravitational waves detector mirrors: Spectroscopic ellipsometry study of Ta2O5 films on SiO2 substrates	Mirko Prato, Andrea Chincarini, Gianluca Gemme, Maurizio Canepa
181	2011	Gravity-aware handheld Augmented Reality	Daniel Kurz, Selim Benhimane
182	2011	Gravure printed flexible organic photovoltaic modules	Pälvi Kopola, Tom Aernouts, Rafal Sliz, Stéphane Guillerez, Mari Ylikunnari, David Cheyns
183	2011	Grazing-incidence x-ray diffraction from GaN epitaxial layers with threading dislocations	M Barchuk, V Holý, B Miljević, B Krause, T Baumbach
183	2011	Great challenges with few subjects: statistical strategies for neuroscientists.	Shinichi Nakagawa, Mark E Hauber
183	2011	Greater attentional blink magnitude is associated with higher levels of anticipatory attention as measured by alpha event-related desynchronization (ERD).	Mary H Maclean, Karen M Arnell
183	2011	Greater effort boosts the affective taste properties of food	Alexander W Johnson, Michela Gallagher
183	2012	Greedy Algorithms for Sparse Reinforcement Learning	Christopher Painter-Wakefield, Ronald Parr
184	2011	Greedy optimization classifiers ensemble based on diversity	Shasha Mao, L C Jiao, Lin Xiong, Shuiping Gou
184	2011	Green Cellular Networks: A Survey, Some Research Issues and Challenges	Ziaul Hasan, Hamidreza Boostanimehr, Vijay K Bhargava
184	2011	Green Cloud Computing : Balancing Energy in Processing , Storage , and Transport	By Jayant Baliga, Robert W A Ayre, Kerry Hinton, Rodney S Tucker
184	2011	Green Energy and Technology	Pasquale Corbo, Fortunato Migliardini, Ottorino Veneri
185	2011	Green Gap Spectral Range Light-Emitting Diodes with Self-Assembled InGaN Quantum Dots Formed by Enhanced Phase Separation	Il-Kyu Park, Seong-Ju Park
185	2011	Green IP Over WDM Networks With Data Centers	Xiaowen Dong, Taisir El-Gorashi, Jaafar M H Elmirghani
185	2011	Green last mile: how fiber-connected massively distributed antenna systems can save energy	Alireza Attar, Haoming Li, Victor Leung
185	2011	Green light stimulates terahertz emission from mesocrystal microspheres.	X L Wu, S J Xiong, Z Liu, J Chen, J C Shen, T H Li
185	2011	Green luminescence of InGaN nanowires grown on silicon substrates by molecular beam epitaxy	Kevin D Goodman, Vladimir V Protasenko, Jai Verma, Thomas H Kosel, Huili G Xing, Debdeep Jena
186	2011	Green optical communications	Rod Tucker
186	2011	Green Optical CommunicationsPart I: Energy Limitations in Transport	Rodney S Tucker
186	2011	Green Provisioning for Optical WDM Networks	Ming Xia, Massimo Tornatore, Yi Zhang, Pulak Chowdhury, Charles U Martel, Biswanath Mukherjee
186	2011	Green Radio: Radio Techniques to Enable Energy Efficient Wireless Networks	Congzheng Han, Tim Harrold, Ioannis Krikidis, Ivan Ku, Tuan Anh Le, Stefan Videv
186	2011	Green scheduling of control systems for peak demand reduction	Truong X Nghiem, Madhur Behl, Rahul Mangharam, George J Pappas
187	2011	Greendroid: Exploring the next evolution in smartphone application processors	Steven Swanson, Michael Taylor
187	2011	Greenhouse gas emission and exergy assessments of an integrated organic Rankine cycle with a biomass combustor for combined cooling, heating and power production	Fahad A Al-Sulaiman, Feridun Hamdullahpur, Ibrahim Dincer
187	2011	Greenland Ice Sheet surface mass balance 1870 to 2010 based on Twentieth Century Reanalysis, and links with global climate forcing	Edward Hanna, Philippe Huybrechts, John Cappelen, Konrad Steffen, Roger C Bales, Evan Burgess
188	2011	Grid Cells, Place Cells, and Geodesic Generalization for Spatial Reinforcement Learning	Nicholas J Gustafson, Nathaniel D Daw
189	2011	Grid computing in image analysis	Klaus Kayser, Jürgen Görtler, Stephan Borkenfeld, Gian Kayser
189	2011	Grid flexibility and storage required to achieve very high penetration of variable renewable electricity	Paul Denholm, Maureen Hand
189	2011	Grid integration aspects of large solar PV installations: LVRT capability and reactive power/voltage support requirements	Antonios Marinopoulos, Fabio Papandrea, Muhamad Reza, Staffan Norrga, Filippo Spertino, Roberto Napoli
189	2012	Grid Integration of Electric Vehicles and Demand Response With Customer Choice	Shengnan Shao, Manisa Pipattanasomporn, Saifur Rahman
190	2011	Grid-based localization and local mapping with moving object detection and tracking	Trung-Dung Vu, Julien Burlet, Olivier Aycard
190	2011	Grid-connected renewables, storage and the UK electricity market	I A Grant Wilson, Peter G McGregor, David G Infield, Peter J Hall
191	2011	Grid-Filter Design for a Multimegawatt Medium-Voltage Voltage-Source Inverter	A A Rockhill, Marco Liserre, Remus Teodorescu, Pedro Rodriguez
191	2012	GridOPTICS(TM): A design for plug-and-play smart grid software architecture	Ian Gorton, Jian Yin
191	2011	GRIP – Grids with Intelligent Periphery : Control Architectures for Grid2050	D Bakken, A Bose, K M Chandy, P P Khargonekar, A Kuh, S Low
192	2011	Grips and Gestures on a Multi-Touch Pen	Hyunyoung Song, Hrvoje Benko, Shahram Izadi, Xiang Cao, Ken Hinckley
192	2012	Ground reaction force adaptations during cross-slope walking and running.	Mohsen Damavandi, Philippe C Dixon, David J Pearsall
193	2011	Ground-state properties of the one-dimensional attractive Hubbard model with confinement: a comparative study	Ji-Hong Hu, Jing-Jing Wang, Gao Xianlong, Masahiko Okumura, Ryo Igarashi, Susumu Yamada
194	2011	Grounding Procedural and Declarative Knowledge in Sensorimotor Anticipation	Giovanni Pezzulo
194	2011	Grounding the Interaction: Anchoring Situated Discourse in Everyday Human-Robot Interaction	Séverin Lemaignan, Raquel Ros, E Akin Sisbot, Rachid Alami, Michael Beetz
194	2011	Grounding the Lexical Semantics of Verbs in Visual Perception using Force Dynamics and Event Logic	J M Siskind
194	2012	Group Action Induced Distances for Averaging and Clustering Linear Dynamical Systems with Applications to the Analysis of Dynamic Scenes	Bijan Afsari
195	2011	Group III-nitride lasers	Matthew T Hardy, Daniel F Feezell, Steven P Denbaars, Shuji Nakamura
197	2011	Group-ICA Model Order Highlights Patterns of Functional Brain Connectivity	Ahmed Abou Elseoud, Harri Littow, Jukka Remes, Tuomo Starck, Juha Nikkinen, Juuso Nissilä
198	2012	Growing a Bag of Systems Tree for Fast and Accurate Classification	Emanuele Coviello, Antoni B Chan, Gert R G Lanckriet
199	2011	Growing Cells Atop Microelectronic Chips: Interfacing Electrogenic Cells In Vitro With CMOS-Based Microelectrode Arrays	Andreas Hierlemann, Urs Frey, Sadik Hafizovic, Flavio Heer
200	2011	Growth and Atomic-Scale Characterizations of Graphene on Multifaceted Textured Pt Foils Prepared by Chemical Vapor Deposition.	Teng Gao, Shubao Xie, Yabo Gao, Mengxi Liu, Yubin Chen, Yanfeng Zhang
200	2011	Growth and characterization of gold catalyzed SiGe nanowires and alternative metal-catalyzed Si nanowires.	Alexis Potié, Thierry Baron, Florian Dhalluin, Guillaume Rosaz, Bassem Salem, Laurence Latu-Romain
202	2011	Growth and properties of III–V compound semiconductor heterostructure nanowires	Q Gao, H H Tan, H E Jackson, L M Smith, J M Yarrison-Rice, Jin Zou
203	2011	Growth and Separation of High Quality GaN Epilayer from Sapphire Substrate by Lateral Epitaxial Overgrowth and Wet Chemical Etching	Chu-Young Cho, Sang-Jun Lee, Sang-Hyun Hong, Seung-Chul Park, Seong-Eun Park, Yongjo Park
203	2011	Growth characteristics of Cu(In,Ga)Se2 thin films using 3-stage deposition process with a NaF precursor	R Sakdanuphab, C Chityuttakan, A Pankiew, N Somwang, K Yoodee, S Chatraphorn
203	2011	Growth cones as soft and weak force generators.	Timo Betz, Daniel Koch, Yun-Bi Lu, Kristian Franze, Josef A Käs
203	2011	Growth direction modulation and diameter-dependent mobility in InN nanowires.	Goutam Koley, Zhihua Cai, Ehtesham Bin Quddus, Jie Liu, Muhammad Qazi, Richard A Webb
204	2011	GROWTH IN DATA CENTER ELECTRICITY USE 2005 TO 2010	Jonathan G Koomey
204	2012	Growth mechanism and properties of InGaN insertions in GaN nanowires	G Tourbot, C Bougerol, F Glas, L F Zagonel, Z Mahfoud, S Meuret
205	2011	Growth Mechanism of Hexagonal-Shape Graphene Flakes with Zigzag Edges	Zhengtang Luo, Seungchul Kim, Nicole Kawamoto, Andrew M Rappe, A T Charlie Johnson
206	2011	Growth of Bilayer Graphene on Insulating Substrates.	Zheng Yan, Zhiwei Peng, Zhengzong Sun, Jun Yao, Yu Zhu, Zheng Liu
206	2011	Growth of carbon nanotubes at temperatures compatible with integrated circuit technologies	Guan Yow Chen, Ben Jensen, Vlad Stolojan, S R P Silva
207	2011	Growth of graphene from food, insects, and waste.	Gedeng Ruan, Zhengzong Sun, Zhiwei Peng, James M Tour
208	2011	Growth of high-quality InGaN/GaN LED structures on (111) Si substrates with internal quantum efficiency exceeding 50	JaeWon Lee, Youngjo Tak, Jun-Youn Kim, Hyun-Gi Hong, Suhee Chae, Bokki Min
208	2011	Growth of InAs Quantum Dots on GaAs Nanowires by Metal Organic Chemical Vapor Deposition.	Xin Yan, Xia Zhang, Xiaomin Ren, Hui Huang, Jingwei Guo, Xin Guo
208	2012	Growth of InAs/InAsSb heterostructured nanowires	Daniele Ercolani, Mauro Gemmi, Lucia Nasi, Francesca Rossi, Marialilia Pea, Ang Li
208	2012	Growth of large-area and highly crystalline MoS2 thin layers on insulating substrates.	Keng-Ku Liu, Wenjing Zhang, Yi-Hsien Lee, Yu-Chuan Lin, Mu-Tung Chang, Ching-Yuan Su
210	2012	Growth of Prismatic GaN Single Crystals with High Transparency on Small GaN Seed Crystals by Ca–Li-Added Na Flux Method	Yusuke Konishi, Keiko Masumoto, Kosuke Murakami, Hiroki Imabayashi, Hideo Takazawa, Yuma Todoroki
210	2011	Growth of single crystal graphene arrays by locally controlling nucleation on polycrystalline Cu using chemical vapor deposition.	Wei Wu, Luis A Jauregui, Zhihua Su, Zhihong Liu, Jiming Bao, Yong P Chen
211	2011	Growth of Straight InAs-on-GaAs Nanowire Heterostructures.	Maria E Messing, Jennifer Wong-Leung, Zeila Zanolli, Hannah J Joyce, H Hoe Tan, Qiang Gao
211	2012	Growth of ultrahigh density single-walled carbon nanotube forests by improved catalyst design.	Guofang Zhong, Jamie H Warner, Martin Fouquet, Alex W Robertson, Bingan Chen, John Robertson
211	2012	Growth on Differently Oriented Sidewalls of SiC Mesas As a Way of Achieving Well-Aligned SiC Nanowires	Rooban Venkatesh K G Thirumalai, Bharat Krishnan, Albert V Davydov, J Neil Merrett, Yaroslav Koshka
212	2011	Growth temperature dependent graphene alignment on Ir(111)	H Hattab, A T N’Diaye, D Wall, G Jnawali, J Coraux, C Busse
212	2011	Growth trajectories of the human fetal brain tissues estimated from 3D reconstructed in utero MRI.	Julia A Scott, Piotr A Habas, Kio Kim, Vidya Rajagopalan, Kia S Hamzelou, James M Corbett-Detig
213	2011	Grundkurs Mobile Kommunikationssysteme	Martin Sauter
214	2011	GSR Sock: A New e-Textile Sensor Prototype	Jennifer Healey
214	2011	Guaranteed decentralized pursuit-evasion in the plane with multiple pursuers	Haomiao Huang, Wei Zhang, Jerry Ding, Dusan M Stipanovic, Claire J Tomlin
214	2011	Guaranteed opportunistic scheduling in multi-hop cognitive radio networks	Dongyue Xue, Eylem Ekici
215	2011	Guest Editorial Advances in Cognitive Radio Networking and Communications (I)	Unknown Noise, Radio Networks
215	2012	Guest Editorial Introduction to the Special Section : 4G Health — The Long-Term Evolution of m-Health	Robert S H Istepanaian, Y-T Zhang
215	2011	Guest Editorial Special Issue on Visual SLAM	Jiming Chen, Karl H Johansson, Stephan Olariu, Ioannis Ch Paschalidis, Ivan Stojmenovic
216	2011	Guest editorial.	Kalpana Balakrishnan, R S Dhaliwal, Bela Shah
216	2011	Guia de uso de mendeley	Carmen Rodr, Otero Junio
217	2011	Guidance on reporting ultrasound exposure conditions for bio-effects studies.	Gail Ter Haar, Adam Shaw, Stephen Pye, Barry Ward, Fiona Bottomley, Rachel Nolan
217	2011	Guide for applicants	Collaborative Projects
217	2011	Guide to authors	About Nature Methods
217	2011	Guide to Industrial Control Systems ( ICS ) Security Recommendations of the National Institute of Standards and Technology	Keith Stouffer, Karen Scarfone
218	2011	Guided growth of millimeter-long horizontal nanowires with controlled orientations.	David Tsivion, Mark Schvartzman, Ronit Popovitz-Biro, Palle Von Huth, Ernesto Joselevich
220	2011	Guidelines for assessment of investment cost for offshore wind generation	M Dicorato, G Forte, M Pisani, M Trovato
220	2012	Guidelines for authors.	Warren S Joseph
222	2011	Guidelines on Prostate Cancer	A Heidenreich, M Bolla, S Joniau, M D Mason, V Matveev, N Mottet
222	2011	Guidelines on Security and Privacy in Public Cloud Computing	Wayne Jansen, Timothy Grance
222	2011	Guiding Integrated Service Delivery: Synthesizing and Embedding Principles Using Role‑Playing Games	Nitesh Bharosa, Marijn Janssen, Bram Klievink, Anne-fleur Van Veenstra
222	2011	Guiding Light: Navigation assistance system using projection based augmented reality	Jaewoo Chung, Ig-Jae Kim, Chris Schmandt
223	2012	Guilt by Association” Is the Exception Rather Than the Rule in Gene Networks	Jesse Gillis, Paul Pavlidis
224	2011	Gyro-aided feature tracking for a moving camera: fusion, auto-calibration and GPU implementation	M Hwangbo, J S Kim, T Kanade
