0	2011	L-band carbon nanotube transistor amplifier	M Eron, S Lin, D Wang, M Schroter, P Kempf
1	2011	L1 generalized inverse beam-forming algorithm resolving coherent/incoherent, distributed and multipole sources	Takao Suzuki
1	2011	Lab on a Chip	Accepted Manuscript
1	2011	Lab on a chip phased-array MR multi-platform analysis system.	Oliver G Gruschke, Nicoleta Baxan, Lars Clad, Kai Kratt, Dominik Von Elverfeldt, Andreas Peter
1	2011	Lab on a chip technologies for bioenergy and biosustainability research.	Mathias Uhlen, Helene Andersson Svahn
1	2011	Lab trial of PCE-based OSNR-aware dynamic restoration in multi-domain GMPLS-enabled translucent WSON	Lei Liu, Ramon Casellas, Takehiro Tsuritani, Itsuro Morita, Ricardo Martinez, Raul Munoz
2	2011	Lab-on-a-Bubble: Synthesis, Characterization, and Evaluation of Buoyant Gold Nanoparticle-Coated Silica Spheres.	Virginia L Schmit, Richard Martoglio, Brandon Scott, Aaron D Strickland, Keith T Carron
2	2012	Lab-on-Fiber Technology : Toward Multifunctional Optical Nanoprobes	Marco Consales, Armando Ricciardi, Alessio Crescitelli, Emanuela Esposito, Antonello Cutolo, Andrea Cusano
3	2011	Label-free and noninvasive optical detection of the distribution of nanometer-size mitochondria in single cells.	Xuantao Su, Yuanyuan Qiu, Leah Marquez-Curtis, Manisha Gupta, Clarence E Capjack, Wojciech Rozmus
5	2011	Label-free imaging of semiconducting and metallic carbon nanotubes in cells and mice using transient absorption microscopy.	Ling Tong, Yuxiang Liu, Bridget D Dolash, Yookyung Jung, Mikhail N Slipchenko, Donald E Bergstrom
5	2011	Label-free in vivo fiber-based optical-resolution photoacoustic microscopy.	P Hajireza, W Shi, R J Zemp
6	2011	Label-free live brain imaging and targeted patching with third-harmonic generation microscopy.	Stefan Witte, Adrian Negrean, Johannes C Lodder, Christiaan P J De Kock, Guilherme Testa Silva, Huibert D Mansvelder
6	2011	Label-free multiplexed virus detection using spectral reflectance imaging.	Carlos A Lopez, George G Daaboul, Rahul S Vedula, Emre Ozkumur, David A Bergstein, Thomas W Geisbert
6	2011	Label-free oxygen-metabolic photoacoustic microscopy in vivo.	Junjie Yao, Konstantin I Maslov, Yu Zhang, Younan Xia, Lihong V Wang
6	2011	Label-free single-molecule detection of DNA-hybridization kinetics with a carbon nanotube field-effect transistor.	Sebastian Sorgenfrei, Chien-yang Chiu, Ruben L Gonzalez, Young-Jun Yu, Philip Kim, Colin Nuckolls
7	2011	Laboratory experiments for exploring the surface plasmon resonance	Olivier Pluchery, Romain Vayron, Kha-Man Van
10	2011	Lambda-gamma learning with feedforward neural networks using particle swarm optimization	Andrich B Van Wyk, Andries P Engelbrecht
11	2011	Laminated Air Structured and Fluid Infiltrated Polymer Waveguides	Eike Zeller, Francis H Bennet, Dragomir N Neshev, Arnan Mitchell
12	2011	Laminating solution-processed silver nanowire mesh electrodes onto solid-state dye-sensitized solar cells	Brian E Hardin, Whitney Gaynor, I-Kang Ding, Seung-Bum Rim, Peter Peumans, Michael D McGehee
13	2011	Landau level spectra and the quantum Hall effect of multilayer graphene	Mikito Koshino, Edward McCann
14	2011	Landau Level Spectrum of ABA- and ABC-stacked Trilayer Graphene	Shengjun Yuan, Rafael Roldán, Mikhail I Katsnelson
14	2011	Landau levels in a topological insulator	P Schwab, M Dzierzawa
14	2012	Landau Quantization and the Thickness Limit of Topological Insulator Thin Films of Sb_2Te_3	Yeping Jiang, Yilin Wang, Mu Chen, Zhi Li, Canli Song, Ke He
14	2011	Landauer Clocking for Magnetic Cellular Automata (MCA) Arrays	Anita Kumari, Sanjukta Bhanja
15	2011	Landing, perching and taking off from vertical surfaces	A Lussier Desbiens, A T Asbeck, M R Cutkosky
16	2011	Landslide Monitoring with Sensor Networks : Experiences and Lessons Learnt from a Real-World Deployment Matteo Berti Alessandro Corsini	Alberto Rosi, Nicola Bicocchi, Gabriella Castelli, Marco Mamei, Franco Zambonelli, Reggio Emilia
16	2011	Landslide susceptibility assessment using SVM machine learning algorithm	Miloš Marjanović, Miloš Kovačević, Branislav Bajat, Vít Voženílek
16	2011	Lane confidence fusion for visual occupancy estimation	Thomas Gumpp, Dennis Nienhuser, J Marius Zollner
18	2011	Language comprehension vs. language production: Age effects on fMRI activation.	Karen Lidzba, Eleonore Schwilling, Wolfgang Grodd, Inge Krägeloh-Mann, Marko Wilke
18	2011	Language evolution and human history: what a difference a date makes.	Russell D Gray, Quentin D Atkinson, Simon J Greenhill
19	2011	Language organization and reorganization in epilepsy.	Marla J Hamberger, Jeffrey Cole
19	2011	Language processing in the occipital cortex of congenitally blind adults.	Marina Bedny, Alvaro Pascual-Leone, David Dodell-Feder, Evelina Fedorenko, Rebecca Saxe
19	2011	Language Recognition in iVectors Space a s	David Mart, Pavel Matˇ
20	2011	Language-Independent Sandboxing of Just-In-Time Compilation and Self-Modifying Code	Jason Ansel, Petr Marchenko, Ulfar Erlingsson, Elijah Taylor, Brad Chen, Derek L Schuff
20	2011	Language-universal sensory deficits in developmental dyslexia: English, Spanish, and Chinese.	Usha Goswami, H-L Sharon Wang, Alicia Cruz, Tim Fosker, Natasha Mead, Martina Huss
21	2011	Laparoendoscopic single-site and natural orifice transluminal endoscopic surgery in urology: a critical analysis of the literature.	Riccardo Autorino, Jeffrey A Cadeddu, Mihir M Desai, Matthew Gettman, Inderbir S Gill, Louis R Kavoussi
21	2011	Laplace field microscopy for label-free imaging of dynamic biological structures.	Taewoo Kim, Gabriel Popescu
22	2011	Large area 15.8% n-type mc-Si screen-printed solar cell with screen printed Al-alloyed emitter	Sukhvinder Singh, Frederic Dross, Niels E Posthuma, Robert Mertens
23	2011	Large area forest stem volume mapping in the boreal zone using synergy of ERS-1/2 tandem coherence and MODIS vegetation continuous fields	Oliver Cartus, Maurizio Santoro, Christiane Schmullius, Zengyuan Li
23	2011	Large area near-IR optical fishnet metamaterials	Neilanjan Dutta, Shouyuan Shi, Dennis W Prather
23	2012	Large band gap opening between graphene Dirac cones induced by Na adsorption onto an Ir superlattice.	Marco Papagno, Stefano Rusponi, Polina Makarovna Sheverdyaeva, Sergio Vlaic, Markus Etzkorn, Daniela Pacilé
24	2011	Large change in perpendicular magnetic anisotropy induced by an electric field in FePd ultrathin films	F Bonell, S Murakami, Y Shiota, T Nozaki, T Shinjo, Y Suzuki
24	2011	Large defect-induced sub-bandgap photoresponse in semiconductor nanowires via waveguiding excitation.	Fuxing Gu, Lei Zhang, Huakang Yu, Wei Fang, Jiming Bao, Limin Tong
26	2011	Large integrated absorption enhancement in plasmonic solar cells by combining metallic gratings and antireflection coatings.	Jeremy N Munday, Harry A Atwater
26	2011	Large intrinsic energy bandgaps in annealed nanotube-derived graphene nanoribbons.	T Shimizu, J Haruyama, D C Marcano, D V Kosinkin, J M Tour, K Hirose
27	2011	Large optical Stark shifts in semiconductor quantum dots coupled to photonic crystal cavities	R Bose, D Sridharan, G S Solomon, E Waks
27	2011	Large Port Count High-Speed Optical Switch Fabric for Use Within Datacenters [Invited]	A Wonfor, H Wang, R Penty, I White
28	2011	Large Scale Field Trial Results on Uplink CoMP with Multi Antenna Base Stations	Michael Grieger, Gerhard Fettweis, Patrick Marsch
28	2011	Large scale integration of wind power : moderating thermal power plant cycling	Lisa Göransson, Filip Johnsson
28	2011	Large Scale Sign Detection using HOG Feature Variants	Gary Overett, Lars Petersson
29	2011	Large scale, highly conductive and patterned transparent films of silver nanowires on arbitrary substrates and their application in touch screens.	Anuj R Madaria, Akshay Kumar, Chongwu Zhou
29	2012	Large spontaneous emission enhancement in plasmonic nanocavities	Kasey J Russell, Tsung-li Liu, Shanying Cui, Evelyn L Hu
29	2011	Large surface dipole moments in ZnO nanorods.	S Dag, Shuzhi Wang, Lin-Wang Wang
30	2011	Large variation of vacancy formation energies in the surface of crystalline ice	M Watkins, D Pan, EG Wang, A Michaelides, J VandeVondele, B Slater
30	2011	LARGE-AREA , EPITAXIAL LIFT-OFF , INVERTED METAMORPHIC SOLAR CELLS	R Tatavarti, A Wibowo, V Elarde, F Tuminello, R Pastor, T Giannopoulos
31	2011	Large-area flexible 3D optical negative index metamaterial formed by nanotransfer printing.	Debashis Chanda, Kazuki Shigeta, Sidhartha Gupta, Tyler Cain, Andrew Carlson, Agustin Mihi
31	2011	Large-area graphene films by simple solution casting of edge-selectively functionalized graphite.	Seo-Yoon Bae, In-Yup Jeon, Jieun Yang, Noejung Park, Hyeon Suk Shin, Sungjin Park
31	2011	Large-Area Graphene Single Crystals Grown by Low-Pressure	Xuesong Li, Carl W Magnuson, Archana Venugopal, Rudolf M Tromp, James B Hannon, Eric M Vogel
31	2011	Large-area, wide-angle, spectrally selective plasmonic absorber	Chihhui Wu, Burton Neuner, Jeremy John, Andrew Milder, Byron Zollars, Steve Savoy
31	2011	Large-deviation principles, stochastic effective actions, path entropies, and the structure and meaning of thermodynamic descriptions	Eric Smith
32	2011	Large-eddy simulation of a very large wind farm in a stable atmospheric boundary layer	Hao Lu, Fernando Porté-Agel
32	2011	Large-eddy simulation of atmospheric boundary layer flow through wind turbines and wind farms	Fernando Porté-Agel, Yu-Ting Wu, Hao Lu, Robert J Conzemius
32	2011	Large-effective-area ten-core fiber with cladding diameter of about 200 μm.	Shoichiro Matsuo, Katsuihiro Takenaga, Yoko Arakawa, Yusuke Sasaki, Shoji Taniagwa, Kunimasa Saitoh
32	2011	Large-scale analysis of the regulatory architecture of the mouse genome with a transposon-associated sensor.	Sandra Ruf, Orsolya Symmons, Veli Vural Uslu, Dirk Dolle, Chloé Hot, Laurence Ettwiller
32	2011	Large-scale association analysis identifies 13 new susceptibility loci for coronary artery disease.	Heribert Schunkert, Inke R König, Sekar Kathiresan, Muredach P Reilly, Themistocles L Assimes, Hilma Holm
32	2011	Large-Scale Automated Histology in the Pursuit of Connectomes	David Kleinfeld, Arjun Bharioke, Pablo Blinder, Davi D Bock, Kevin L Briggman, Dmitri B Chklovskii
32	2011	Large-Scale Battery System Development and User-Specific Driving Behavior Analysis for Emerging Electric-Drive Vehicles	Jie Wu, Kun Li, Yifei Jiang, Qin Lv, Li Shang, Yihe Sun
32	2011	Large-scale brain networks and psychopathology: a unifying triple network model.	Vinod Menon
33	2011	Large-scale directional connections among multi resting-state neural networks in human brain: a functional MRI and Bayesian network modeling study.	Rui Li, Kewei Chen, Adam S Fleisher, Eric M Reiman, Li Yao, Xia Wu
33	2011	Large-scale EEG/MEG source localization with spatial flexibility.	Stefan Haufe, Ryota Tomioka, Thorsten Dickhaus, Claudia Sannelli, Benjamin Blankertz, Guido Nolte
33	2011	Large-scale electronic structure calculations of vacancies in 4H-SiC using the Heyd-Scuseria-Ernzerhof screened hybrid density functional	Tamas Hornos, Adam Gali, Bengt G Svensson
33	2011	Large-scale exfoliation of inorganic layered compounds in aqueous surfactant solutions.	Ronan J Smith, Paul J King, Mustafa Lotya, Christian Wirtz, Umar Khan, Sukanta De
34	2011	Large-scale graphene transistors with enhanced performance and reliability based on interface engineering by phenylsilane self-assembled monolayers.	Zihong Liu, Ageeth A Bol, Wilfried Haensch
34	2011	Large-scale image annotation using visual synset	David Tsai, Yushi Jing, Yi Liu, Henry A Rowley, Sergey Ioffe, James M Rehg
34	2011	Large-scale image classification: Fast feature extraction and SVM training	Yuanqing Lin, Fengjun Lv, Shenghuo Zhu, Ming Yang, Timothee Cour, Kai Yu
35	2012	Large-Scale Integration of Semiconductor Nanowires for	Xi Liu, Yun-Ze Long, Lei Liao, Xiangfeng Duan, Zhiyong Fan
35	2012	Large-scale Knowledge Transfer for Object Localization in ImageNet	Matthieu Guillaumin, Z Eth, Vittorio Ferrari
35	2011	Large-Scale Learning of Embeddings with Reconstruction Sampling	Yann N Dauphin
35	2011	Large-Scale Live Active Learning : Training Object Detectors with Crawled Data and Crowds	Sudheendra Vijayanarasimhan, Kristen Grauman
35	2011	Large-Scale Matrix Factorization with Distributed Stochastic Gradient Descent	Rainer Gemulla, Erik Nijkamp, Peter J Haas, Yannis Sismanis
36	2011	LARGE-SCALE MUSIC SIMILARITY SEARCH WITH SPATIAL TREES	Brian Mcfee, Gert Lanckriet
36	2011	Large-scale production of functional human serum albumin from transgenic rice seeds	Y He, T Ning, T Xie, Q Qiu, L Zhang, Y Sun
36	2011	Large-scale production of graphene by microwave synthesis and rapid cooling.	Zhanwei Xu, Hejun Li, Wei Li, Gaoxiang Cao, Qinglin Zhang, Kezhi Li
37	2011	Large-scale remapping of visual cortex is absent in adult humans with macular degeneration.	Heidi A Baseler, André Gouws, Koen V Haak, Christopher Racey, Michael D Crossland, Adnan Tufail
37	2011	Large-scale single-chirality separation of single-wall carbon nanotubes by simple gel chromatography	Huaping Liu, Daisuke Nishide, Takeshi Tanaka, Hiromichi Kataura
37	2011	Large-Scale Sparse Principal Component Analysis with Application to Text Data	Youwei Zhang, Laurent El Ghaoui
37	2011	Large-Scale Synthesis of Bi-layer Graphene in Strongly Coupled Stacking Order	Zhiqiang Luo, Ting Yu, Jingzhi Shang, Yingying Wang, Sanhua Lim, Lei Liu
38	2012	Large-scale synthesis of high-quality hexagonal boron nitride nanosheets for large-area graphene electronics.	Kang Hyuck Lee, Hyeon-Jin Shin, Jinyeong Lee, In-Yeal Lee, Gil-Ho Kim, Jae-Young Choi
38	2012	Large-scale vortex lattice emerging from collectively moving microtubules	Yutaka Sumino, Ken H Nagai, Yuji Shitaka, Dan Tanaka, Kenichi Yoshikawa, Hugues Chaté
38	2011	Large-scale, real-time logo recognition in broadcast videos	Pradeep Natarajan, Yue Wu, Shirin Saleem, Ehry Macrostie, Fred Bernardin, Rohit Prasad
39	2011	Large-Scale, Surfactant-Free Solution Syntheses of Cu(In,Ga)(S,Se)2 Nanocrystals for Thin Film Solar Cells	Jong Hyeon Lee, Juyeon Chang, Ji-hyun Cha, Yeji Lee, Jae Eok Han, Duk-young Jung
39	2011	Large-size multi-crystalline silicon solar cells with honeycomb textured surface and point-contacted rear toward industrial production	Daisuke Niinobe, Hiroaki Morikawa, Shuichi Hiza, Takehiko Sato, Shigeru Matsuno, Hirofumi Fujioka
40	2011	LASER ASSISTED BORON DOPING OF SILICON WAFER SOLAR CELLS USING	Natalia Palina, Thomas Mueller, Shubhra Mohanti, Armin G Aberle
41	2011	Laser cooling and optical detection of excitations in a LC electrical circuit	J M Taylor, A S Sørensen, C M Marcus, E S Polzik
41	2011	Laser cooling of a nanomechanical oscillator into its quantum ground state	Jasper Chan, T P Mayer Alegre, Amir H Safavi-Naeini, Jeff T Hill, Alex Krause, Simon Groeblacher
42	2011	Laser Doppler vibrometer employing active frequency feedback.	Akobuije Chijioke, John Lawall
43	2011	Laser fired contacts applied to the rear surface of heterojunction silicon solar cells	I Martin, M Labrune, A Salomon, P Roca I Cabarrocas, R Alcubilla
43	2011	Laser induced defects in laser doped solar cells	Z Hameiri, T Puzzer, L Mai, A B Sproul, S R Wenham
44	2011	Laser nano-manufacturing – State of the art and challenges	Lin Li, Minghui Hong, Michael Schmidt, Minlin Zhong, Ajay Malshe, Bert Huis in’tVeld
44	2011	Laser patterning of epitaxial graphene for Schottky junction photodetectors.	Ram Sevak Singh, Venkatram Nalla, Wei Chen, Andrew Thye Shen Wee, Wei Ji
45	2011	Laser Processing and Chemistry	Dieter Bäuerle
45	2012	Laser Scribing of High-Performance and Flexible Graphene-Based Electrochemical Capacitors	M F El-Kady, V Strong, S Dubin, R B Kaner
46	2011	Laser speckle contrast imaging of the skin: interest in processing the perfusion data.	Anne Humeau-Heurtier, Benjamin Buard, Guillaume Mahe, Pierre Abraham
46	2011	Laser speckle imaging reveals multiple aspects of cerebral vascular responses to whole body mild hypothermia in rats	Nan Li, Nitish V Thakor, Xiaofeng Jia
46	2011	Laser surface estimation for microwave breast imaging systems.	Trevor C Williams, Jeremie Bourqui, Trevor R Cameron, Michal Okoniewski, Elise C Fear
46	2011	Laser surface modification for synthesis of textured bioactive and biocompatible Ca-P coatings on Ti-6Al-4V.	Sameer R Paital, Nancy Bunce, Peeyush Nandwana, Chinmay Honrao, Soumya Nag, Wei He
46	2011	Laser thinning for monolayer graphene formation: heat sink and interference effect.	Gang Hee Han, Seung Jin Chae, Eun Sung Kim, Fethullah Güneş, Il Ha Lee, Sang Won Lee
48	2011	Laser-fired contact optimization in c-Si solar cells	P Ortega, A Orpella, I Martı
48	2011	Laser-induced forward transfer of focussed ion beam pre-machined donors	K S Kaur, M Feinäugle, D P Banks, J Y Ou, F Di Pietrantonio, E Verona
49	2011	Laser-induced thermophoresis of individual particles in a viscous liquid.	Ross T Schermer, Colin C Olson, J Patrick Coleman, Frank Bucholtz
49	2012	Laser-Thinning of MoS(2): On Demand Generation of a Single-Layer Semiconductor.	A Castellanos-Gomez, M Barkelid, A M Goossens, V E Calado, H S J Van Der Zant, G A Steele
49	2011	Lasers beyond the diffraction limit	R F Oulton, R M Ma, V J Sorger, T Zentgraf, G Bartal, X Zhang
50	2011	Lasing Action on Whispering Gallery Mode of Self-Organized GaN Hexagonal Microdisk Crystal Fabricated by RF-Plasma-Assisted Molecular Beam Epitaxy	Tetsuya Kouno, Katsumi Kishino, Masaru Sakai
50	2011	Lasing from colloidal InP/ZnS quantum dots.	Shuai Gao, Chunfeng Zhang, Yanjun Liu, Huaipeng Su, Lai Wei, Tony Huang
50	2011	Lasing properties of InP/(Ga_0.51In_0.49)P quantum dots in microdisk cavities	M Witzany, R Roßbach, W M Schulz, M Jetter, P Michler, T L Liu
51	2011	Late cortical positivity and cardiac responsitivity in female dental phobics when exposed to phobia-relevant pictures.	Verena Leutgeb, Axel Schäfer, Anne Schienle
51	2011	Late phase ischemic preconditioning preserves mitochondrial oxygen metabolism and attenuates post-ischemic myocardial tissue hyperoxygenation.	Yuanjing Li, Ming Cai, Yi Xu, Harold M Swartz, Guanglong He
52	2011	Latency improvement in sensor wireless transmission using IEEE 802.15.4	Emmanuel Fléty, Côme Maestracci
53	2011	Latent fingerprint matching.	Anil K Jain, Jianjiang Feng
53	2011	Latent Log-Linear Models for Handwritten Digit Classification.	Thomas Deselaers, Tobias Gass, Georg Heigold, Hermann Ney
53	2011	Latent Low-Rank Representation for subspace segmentation and feature extraction	Guangcan Liu, Shuicheng Yan
53	2011	Latent structured models for human pose estimation	Catalin Ionescu, Fuxin Li, Cristian Sminchisescu
54	2011	Lateral capture steps for bipedal walking	Marcell Missura, Sven Behnke
54	2011	Lateral Connectivity in the Olfactory Bulb is Sparse and Segregated	David H Kim, Matthew E Phillips, Andrew Y Chang, Hetal K Patel, Katherine T Nguyen, David C Willhite
55	2011	Lateral differences in the default mode network in healthy controls and patients with schizophrenia.	Nathan Swanson, Tom Eichele, Godfrey Pearlson, Kent Kiehl, Qingbao Yu, Vince D Calhoun
55	2011	Lateral integration of VCSEL and slow light modulator	Toshikazu Shimada, Ayumi Fuchida, Fumio Koyama
56	2011	Lateral reflections are favorable in concert halls due to binaural loudness.	Tapio Lokki, Jukka Pätynen
56	2011	Lateral thinking, from the Hopfield model to cortical dynamics	Athena Akrami, Eleonora Russo, Alessandro Treves
57	2011	Laterality of Temporoparietal Causal Connectivity during the Prestimulus Period Correlates with Phonological Decoding Task Performance in Dyslexic and Typical Readers.	Richard E Frye, Jacqueline Liederman, Janet McGraw Fisher, Meng-Hung Wu
57	2011	Laterality Patterns of Brain Functional Connectivity : Gender Effects	D Tomasi, N D Volkow
57	2011	Lateralization of the arcuate fasciculus and its differential correlation with reading ability between young learners and experienced readers: A diffusion tensor tractography study in a chinese cohort.	Deqiang Qiu, Li-Hai Tan, Wai-Ting Siok, Ke Zhou, Pek-Lan Khong
57	2011	Laterally-excited silicon bulk acoustic resonators with sidewall AlN	R Tabrizian, F Ayazi
58	2011	Latex Cheat Sheet	Norifumi Tsutsumi, Hirofumi Kawanaka, Shohei Yamaguchi, Masahiro Sakai, Seiya Momosaki, Kazuya Endo
59	2011	Lattice Equivalent Circuits of Transmission-Line and Coupled-Line Sections	Juan Enrique Page, Jaime Esteban, Carlos Camacho-Penalosa
60	2011	Lattice Vibrational Modes and their Frequency Shifts in Semiconductor Nanowires	Li Yang, M Y Chou
62	2011	Layer-by-Layer Assembled Solid Polymer Electrolyte for Electrochromic Devices	Chien A Nguyen, Avni A Argun, Paula T Hammond, Xuehong Lu, Pooi See Lee
62	2011	Layer-by-layer removal of graphene for device patterning.	Ayrat Dimiev, Dmitry V Kosynkin, Alexander Sinitskii, Alexander Slesarev, Zhengzong Sun, James M Tour
62	2011	Layer-by-layer self-assembled nanoshells for drug delivery.	Katsuhiko Ariga, Yuri M Lvov, Kohsaku Kawakami, Qingmin Ji, Jonathan P Hill
63	2011	Layer-resolved conductivities in multilayer graphenes	Takeo Wakutsu, Masaaki Nakamura, Balázs Dóra
63	2011	Layered 3D : Tomographic Image Synthesis for Attenuation-based Light Field and High Dynamic Range Displays	Gordon Wetzstein, Douglas Lanman, Wolfgang Heidrich
63	2012	Layered boron nitride as a release layer for mechanical transfer of GaN-based devices	Yasuyuki Kobayashi, Kazuhide Kumakura, Tetsuya Akasaka, Toshiki Makimoto
63	2011	Layered Green Performance Indicators	Alexander Kipp, Tao Jiang, Mariagrazia Fugini, Ioan Salomie
64	2011	Layered Multicast With Inter-Layer Network Coding for Multimedia Streaming	Mingkai Shao, Sorina Dumitrescu, Xiaolin Wu
64	2012	Layered Segmentation and Optical Flow Estimation Over Time	Deqing Sun, Michael J Black
66	2011	LDA-Based Clustering Algorithm and Its Application to an Unsupervised Feature Extraction	Cheng-Hsuan Li, Bor-Chen Kuo, Chin-Teng Lin
66	2012	LDAHash: Improved Matching with Smaller Descriptors	Christoph Strecha, Alex Bronstein, Michael Bronstein, Pascal Fua
66	2011	Lead generation of heat shock protein 90 inhibitors by a combination of fragment-based approach, virtual screening, and structure-based drug design.	Takaaki Miura, Takaaki A Fukami, Kiyoshi Hasegawa, Naomi Ono, Atsushi Suda, Hidetoshi Shindo
67	2011	Lead silicate glass microsphere resonators with absorption-limited Q	Pengfei Wang, Ganapathy Senthil Murugan, Timothy Lee, Xian Feng, Yuliya Semenova, Qiang Wu
67	2011	Leaderless and leader-following consensus with communication and input delays under a directed network topology.	Ziyang Meng, Wei Ren, Yongcan Cao, Zheng You
68	2011	Leaf extraction and analysis framework graphical user interface: segmenting and analyzing the structure of leaf veins and areoles.	Charles A Price, Olga Symonova, Yuriy Mileyko, Troy Hilley, Joshua S Weitz
69	2011	Leakage-aware redundancy for reliable sub-threshold memories	Seokjoong Kim, Matthew Guthaus
70	2011	Learn You a Haskell for Great Good!	Miran Lipova
71	2012	Learning 3D Object Templates by Hierarchical Quantization of Geometry and Appearance Spaces	Wenze Hu
71	2011	LEARNING A BETTER REPRESENTATION OF SPEECH SOUND WAVES USING RESTRICTED BOLTZMANN MACHINES Navdeep Jaitly , Geoffrey Hinton	Navdeep Jaitly, Geoffrey E Hinton
71	2011	Learning a category independent object detection cascade	Esa Rahtu, Juho Kannala, Matthew Blaschko
71	2011	Learning a discriminative dictionary for sparse coding via label consistent K-SVD	Zhuolin Jiang, Zhe Lin, Larry S Davis
71	2011	Learning a family of detectors via multiplicative kernels.	Quan Yuan, Ashwin Thangali, Vitaly Ablavsky, Stan Sclaroff
71	2011	Learning a musical instrument: the influence of interpersonal interaction on outcomes for school-aged pupils	Andrea Creech, Susan Hallam
72	2011	Learning a Robust Relevance Model for Search Using Kernel Methods	Wei Wu, Jun Xu, Hang Li, Satoshi Oyama
72	2011	Learning a saliency map using fixated locations in natural scenes.	Qi Zhao, Christof Koch
72	2011	Learning a theory of causality.	Noah D Goodman, Tomer D Ullman, Joshua B Tenenbaum
72	2011	Learning about human population history from ancient and modern genomes.	Mark Stoneking, Johannes Krause
72	2012	Learning Active Facial Patches for Expression Analysis	Lin Zhong, Qingshan Liu, Peng Yang, Bo Liu, Junzhou Huang, Dimitris N Metaxas
73	2011	Learning active fusion of multiple experts' decisions: an attention-based approach.	Maryam S Mirian, Majid Nili Ahmadabadi, Babak N Araabi, Roland R Siegwart
73	2011	Learning Affinities and Dependencies for Multi-Target Tracking using a CRF Model	Bo Yang, Chang Huang, Ram Nevatia
74	2011	Learning and Matching Multiscale Template Descriptors for Real-Time Detection , Localization and Tracking	Taehee Lee
74	2011	Learning and motivation in the human striatum.	Daphna Shohamy
74	2011	Learning approximate cost-to-go metrics to improve sampling-based motion planning	Yanbo Li, Kostas E Bekris
75	2012	Learning Attention Map from Images	Yao Lu, Wei Zhang, Cheng Jin, Xiangyang Xue
75	2011	Learning Attentional Policies for Tracking and Recognition in Video with Deep Networks	Loris Bazzani, Nando De Freitas, Hugo Larochelle, Vittorio Murino, Istituto Italiano, Jo-anne Ting
76	2011	Learning Better Image Representations Using ‘ Flobject Analysis	Patrick S Li, Inmar E Givoni, Brendan J Frey
76	2011	Learning case adaptation for problem-oriented e-learning on mathematics teaching for students with mild disabilities	Hui-Chuan Chu, Min-Ju Liao, Tsung-Yi Chen, Chia-Jou Lin, Yuh-Min Chen
77	2011	Learning component-level sparse representation using histogram information for image classification	Chen-Kuo Chiang, Chih-Hsueh Duan, Shang-Hong Lai, Shih-Fu Chang
77	2011	Learning content similarity for music recommendation	Brian McFee, Luke Barrington, Gert Lanckriet
77	2011	Learning Context for Collective Activity Recognition	Wongun Choi, Silvio Savarese
78	2011	Learning cross-modality similarity for multinomial data	Yangqing Jia, Mathieu Salzmann, Trevor Darrell
78	2011	Learning Deep Energy Models	Jiquan Ngiam, Zhenghao Chen, Andrew Y Ng
79	2012	Learning Echo Paths During Continuous Double-Talk Using Semi-Blind Source Separation	Jake Gunther
79	2012	Learning Efficient Structured Sparse Models	Pablo Sprechmann
79	2011	Learning event-related potentials (ERPs) from multichannel EEG recordings: A spatio-temporal modeling framework with a fast estimation algorithm	Wei Wu, Shangkai Gao
79	2011	Learning experience for thin-film solar modules : First Solar , Inc . case study	Martin A Green
80	2011	Learning force control policies for compliant manipulation	Mrinal Kalakrishnan, Ludovic Righetti, Peter Pastor, Stefan Schaal
81	2012	Learning from GPS Data for Mobile Recommendation	Vincent W Zheng, Yu Zheng, Xing Xie, Qiang Yang
81	2011	Learning From Labeled And Unlabeled Data: An Empirical Study Across Techniques And Domains	N V Chawla, Grigoris Karakoulas
81	2011	Learning from Partial Labels	Timothee Cour, Benjamin Sapp
82	2011	Learning from Sensory and Reward Prediction Errors during Motor Adaptation	Jun Izawa, Reza Shadmehr
82	2011	Learning Generalizable Control Programs	Stephen Hart, Roderic Grupen
82	2011	Learning genetic epistasis using Bayesian network scoring criteria	Xia Jiang, Richard E Neapolitan, M Michael Barmada, Shyam Visweswaran
82	2011	Learning Geometrically-Constrained Hidden Markov Models for Robot Navigation: Bridging the Topological-Geometrical Gap	L P Kaelbling, H Shatkay
83	2011	Learning Hidden Markov Models Using Nonnegative Matrix Factorization	George Cybenko, Valentino Crespi
84	2011	Learning hierarchical invariant spatio-temporal features for action recognition with independent subspace analysis	Quoc V Le, Will Y Zou, Serena Y Yeung, Andrew Y Ng
84	2011	Learning hierarchical poselets for human parsing	Yang Wang, Duan Tran, Zicheng Liao
84	2011	Learning Hierarchical Poselets for Human Parsing ( DRAFT VERSION )	Yang Wang
84	2012	Learning Hierarchical Similarity Metrics	Nakul Verma, Dhruv Mahajan, Sundararajan Sellamanickam, Vinod Nair
84	2011	Learning image representations from the pixel level via hierarchical sparse coding	Kai Yu, Yuanqing Lin, John Lafferty
84	2012	Learning Image-Specific Parameters for Interactive Segmentation	Zhanghui Kuang, Kwan-yee K Wong Yizhou, Yu Bo
85	2011	Learning in the feed-forward random neural network: A critical review	Michael Georgiopoulos, Cong Li, Taskin Kocak
85	2012	Learning incoherent dictionaries for sparse approximation using iterative projections and rotations	Daniele Barchiesi, Mark D Plumbley
86	2012	Learning invariance from natural images inspired by observations in the primary visual cortex.	Michael Teichmann, Jan Wiltschut, Fred Hamker
86	2011	Learning Invariance through Imitation	Graham W Taylor, Ian Spiro, Christoph Bregler, Rob Fergus
86	2011	Learning invariant features through local space contraction	Salah Rifai, Xavier Muller, Xavier Glorot, Gregoire Mesnil, Yoshua Bengio, Pascal Vincent
86	2012	Learning Latent Temporal Structure for Complex Event Detection	Kevin Tang, Li Fei-Fei, Daphne Koller
88	2011	Learning motion primitive goals for robust manipulation	Freek Stulp, Evangelos Theodorou, Mrinal Kalakrishnan, Peter Pastor, Ludovic Righetti, Stefan Schaal
88	2011	Learning Multi-View Neighborhood Preserving Projections	Novi Quadrianto, Christoph H Lampert
89	2011	Learning navigational maps by observing human motion patterns	Simon T O'Callaghan, Surya P N Singh, Alen Alempijevic, Fabio T Ramos
89	2011	Learning new color names produces rapid increase in gray matter in the intact adult human cortex.	Veronica Kwok, Zhendong Niu, Paul Kay, Ke Zhou, Lei Mo, Zhen Jin
90	2012	Learning Object Class Detectors from Weakly Annotated Video	Alessandro Prest, Christian Leistner, Javier Civera, Cordelia Schmid, Vittorio Ferrari
90	2011	Learning Object Color Models from Multi-view Constraints	Trevor Owens, Kate Saenko, Ayan Chakrabarti, Ying Xiong, Todd Zickler, Trevor Darrell
90	2012	Learning Object Relationships via Graph-based Context Model	Heesoo Myeong, Kyoung Mu Lee
91	2011	Learning parameterized histogram kernels on the simplex manifold for image and action classification	Vitaly Ablavsky, Stan Sclaroff
91	2011	Learning photographic global tonal adjustment with a database of input/output image pairs	Vladimir Bychkovsky, Sylvain Paris, Eric Chan, Fredo Durand
93	2011	Learning Recurrent Neural Networks with Hessian-Free Optimization	James Martens
93	2011	Learning relational policies from electronic health record access logs.	Bradley Malin, Steve Nyemba, John Paulett
93	2012	Learning Rotation-Aware Features : From Invariant Priors to Equivariant Descriptors	Uwe Schmidt
94	2012	Learning Setting- Activity Models for Smart Spaces	Diane J Cook
94	2011	Learning shape models for monocular human pose estimation from the Microsoft Xbox Kinect	James Charles, Mark Everingham
94	2011	Learning Shapes Spontaneous Activity Itinerating over Memorized States	Tomoki Kurikawa, Kunihiko Kaneko
94	2012	Learning Shared Body Plans	Ian Endres, Vivek Srikumar, Ming-wei Chang, Derek Hoiem
95	2011	Learning Sparse Representations for Human Action Recognition	Tanaya Guha, Student Member, Rabab Kreidieh Ward
95	2011	Learning spatial relations from functional simulation	Kristoffer Sjoo, Patric Jensfelt
95	2011	Learning spatiotemporal graphs of human activities	William Brendel, Sinisa Todorovic
95	2011	Learning specific-class segmentation from diverse data	M Pawan Kumar, Haithem Turki, Dan Preston, Daphne Koller
95	2011	Learning Stable Nonlinear Dynamical Systems With Gaussian Mixture Models	S Mohammad Khansari-Zadeh, Aude Billard
95	2012	Learning Structural Element Patch Models With Hierarchical Palettes	Jeroen Chua, Ryan Adams, Brendan Frey
96	2011	Learning structured prediction models for interactive image labeling	Thomas Mensink, Jakob Verbeek, Gabriela Csurka
97	2011	Learning the microstructure of successful behavior.	Jonathan D Charlesworth, Evren C Tumer, Timothy L Warren, Michael S Brainard
97	2011	Learning the Optimal Control of Coordinated Eye and Head Movements	Sohrab Saeb, Cornelius Weber, Jochen Triesch
98	2012	Learning the Right Model : Efficient Max-Margin Learning in Laplacian CRFs	Dhruv Batra
99	2011	Learning to close loops from range data	K Granstrom, T B Schon, J I Nieto, F T Ramos
99	2011	Learning to cluster using high order graphical models with latent variables	Nikos Komodakis
99	2011	Learning to Control a Low-Cost Manipulator using Data-Efficient Reinforcement Learning	Marc P Deisenroth, Carl Edward Rasmussen, Dieter Fox
99	2011	Learning to detect a salient object.	Tie Liu, Zejian Yuan, Jian Sun, Jingdong Wang, Nanning Zheng, Xiaoou Tang
100	2011	Learning to Find Occlusion Regions	A Humayun, O Mac Aodha, GJ Brostow
100	2011	Learning to grasp with parental scaffolding	Emre Ugur, Hande Celikkanat, Erol Sahin, Yukie Nagai, Erhan Oztop
100	2012	Learning to Localize Detected Objects	Qieyun Dai
101	2011	Learning to move machines with the mind.	Andrea M Green, John F Kalaska
101	2011	Learning to multitask: effects of video game practice on electrophysiological indices of attention and resource allocation.	Edward L Maclin, Kyle E Mathewson, Kathy A Low, Walter R Boot, Arthur F Kramer, Monica Fabiani
101	2011	Learning to predict how rigid objects behave under simple manipulation	Marek Kopicki, Sebastian Zurek, Rustam Stolkin, Thomas Morwald, Jeremy Wyatt
102	2011	Learning to read changes children’s phonological skills: Evidence from a latent variable longitudinal study of reading and nonword repetition.	K Nation, C Hulme
102	2011	Learning to Recognize Objects in Egocentric Activities	Alireza Fathi, Xiaofeng Ren, James M Rehg
102	2011	Learning to recognize people in a smart environment	Ting Yu, Yi Yao, Dashan Gao, Peter Tu
102	2012	Learning to Segment Dense Cell Nuclei with Shape Prior	Xinghua Lou, Ullrich Koethe, Jochen Wittbrodt, Fred A Hamprecht
103	2011	Learning to use episodic memory	Nicholas A Gorski, John E Laird
103	2011	Learning to Win by Reading Manuals in a Monte-Carlo Framework	Srk Branavan, D Silver, R Barzilay
103	2012	Learning Topic Models — Going beyond SVD	Sanjeev Arora, Rong Ge, Ankur Moitra
103	2011	Learning Travel Recommendations from User-Generated GPS Traces	Yu Zheng, Xing Xie
103	2011	Learning variable impedance control	J Buchli, F Stulp, E Theodorou, S Schaal
104	2011	Learning What to Value	Daniel Dewey
104	2011	Learning When Training Data are Costly: The Effect of Class Distribution on Tree Induction	F Provost, G M Weiss
104	2011	Learning with memristive devices : how should we model their behavior ?	Damien Querlioz, Philippe Dollfus, Qvwlwxw G Ohfwurqltxh Rqgdphqwdoh, Olivier Bichler, Christian Gamrat
104	2011	Learning with Minimum Supervision: A General Framework for Transductive Transfer Learning	Mohammad Taha Bahadori, Yan Liu, Dan Zhang
105	2011	Learning with Whom to Share in Multi-task Feature Learning	Zhuoliang Kang, Kristen Grauman
105	2011	Learning Word Vectors for Sentiment Analysis	Andrew L Maas, Raymond E Daly, Peter T Pham, Dan Huang, Andrew Y Ng, Christopher Potts
105	2011	Learning, Memory, and the Role of Neural Network Architecture	Ann M Hermundstad, Kevin S Brown, Danielle S Bassett, Jean M Carlson
106	2012	Learning-Based Model Predictive Control on a Quadrotor: Onboard Implementation and Experimental Results	Patrick Bouffard, Anil Aswani, Claire Tomlin
106	2011	Learning-based super resolution using kernel partial least squares	Wei Wu, Zheng Liu, Xiaohai He
106	2011	Learning-related feedforward inhibitory connectivity growth required for memory precision.	Sarah Ruediger, Claudia Vittori, Ewa Bednarek, Christel Genoud, Piergiorgio Strata, Benedetto Sacchetti
106	2011	Least Squares	Curve Fitting
107	2011	Least-Cost Transition Firing Sequence Estimation in Labeled Petri Nets With Unobservable Transitions	Lingxi Li, Christoforos N Hadjicostis
108	2011	Least-squares independent component analysis.	Taiji Suzuki, Masashi Sugiyama
110	2011	LED lighting	Nikolay N Bakin, Vasiliy I Tuyev, Eduard F Yauk
110	2011	Left fusiform BOLD responses are inversely related to word-likeness in a one-back task.	Xiaojuan Wang, Jianfeng Yang, Hua Shu, Jason D Zevin
110	2012	Left Inferior Frontal Activations Depending on the Canonicity Determined by the Argument Structures of Ditransitive Sentences: An MEG Study	Tomoo Inubushi, Kazuki Iijima, Masatoshi Koizumi, Kuniyoshi L Sakai
110	2011	Left inferior frontal cortex and syntax: function, structure and behaviour in patients with left hemisphere damage.	Lorraine K Tyler, William D Marslen-Wilson, Billi Randall, Paul Wright, Barry J Devereux, Jie Zhuang
111	2011	Left lateralizing transcranial direct current stimulation improves reading efficiency.	Peter E Turkeltaub, Jennifer Benson, Roy H Hamilton, Abhishek Datta, Marom Bikson, H Branch Coslett
112	2011	Leg muscles that mediate stability: mechanics and control of two distal extensor muscles during obstacle negotiation in the guinea fowl	Monica A Daley, Andrew A Biewener
112	2011	LEGAL AND ETHICAL ISSUES CONFRONTING GUARDIAN AD LITEM PRACTICE	Marcia M Boumil, Cristina F Freitas, Debbie F Freitas
113	2011	Length-sorted semiconducting carbon nanotubes for high-mobility thin film transistors	Yasumitsu Miyata, Kazunari Shiozawa, Yuki Asada, Yutaka Ohno, Ryo Kitaura, Takashi Mizutani
114	2011	Lens-free optical tomographic microscope with a large imaging volume on a chip.	Serhan O Isikman, Waheb Bishara, Sam Mavandadi, Frank W Yu, Steve Feng, Randy Lau
114	2011	Lensfree fluorescent on-chip imaging of transgenic Caenorhabditis elegans over an ultra-wide field-of-view.	Ahmet F Coskun, Ikbal Sencan, Ting-Wei Su, Aydogan Ozcan
114	2011	Lensless digital holography with diffuse illumination through a pseudo-random phase mask	Stefan Bernet, Walter Harm, Alexander Jesacher, Monika Ritsch-marte
114	2011	Lensless imaging using broadband X-ray sources	Brian Abbey, Lachlan W Whitehead, Harry M Quiney, David J Vine, Guido A Cadenazzi, Clare A Henderson
114	2011	Lensless X-ray imaging in reflection geometry	S Roy, D Parks, K A Seu, R Su, J J Turner, W Chao
114	2011	Lentiviral vector design and imaging approaches to visualize the early stages of cellular reprogramming.	Eva Warlich, Johannes Kuehle, Tobias Cantz, Martijn H Brugman, Tobias Maetzig, Melanie Galla
115	2012	LES model for sooting turbulent nonpremixed flames	Michael E Mueller, Heinz Pitsch
116	2011	Lessons from a decade of integrating cancer copy number alterations with gene expression profiles.	Norman Huang, Parantu K Shah, Cheng Li
116	2011	Lessons from nature about solar light harvesting	GD Scholes, GR Fleming, A Olaya-Castro, R Van Grondelle
117	2011	Let the Market Drive Deployment : A Strategy for Transitioning to BGP Security	Phillipa Gill, Michael Schapira, Sharon Goldberg
118	2011	Letter from the chairs	Shanhong Xia, Minhang Bao, Long-Sheng Fan
119	2011	Leukocyte Complexity Predicts Breast Cancer Survival and Functionally Regulates Response to Chemotherapy	D G DeNardo, D J Brennan, E Rexhepaj, B Ruffell, S L Shiao, S F Madden
119	2011	Level of processing modulates the neural correlates of emotional memory formation.	Maureen Ritchey, Kevin S LaBar, Roberto Cabeza
120	2011	Level set segmentation with robust image gradient energy and statistical shape prior	S Y Yeo, X Xie, I Sazonov, P Nithiarasu
120	2011	Levelised costs of Wave and Tidal energy in the UK: Cost competitiveness and the importance of “banded” Renewables Obligation Certificates	Grant Allan, Michelle Gilmartin, Peter McGregor, Kim Swales
121	2011	Leveraging green communications for carbon emission reductions: Techniques, testbeds, and emerging carbon footprint standards	Charles Despins, Fabrice Labeau, Tho Le Ngoc, Richard Labelle, Mohamed Cheriet, Claude Thibeault
121	2012	Leveraging input and output structures for joint mapping of epistatic and marginal eQTLs.	Seunghak Lee, Eric P Xing
121	2011	Leveraging network and traffic measurements for content distribution and interpersonal communication services with sufficient quality	Andreas Aurelius, Ake Arvidsson, Mathias Johanson, Maria Kihl, Christina Lagerstedt
122	2012	Leveraging smart meter data to recognize home appliances	Markus Weiss, Adrian Helfenstein, Friedemann Mattern, Thorsten Staakeᶲ
122	2011	Leveraging software architectures to guide and verify the development of sense/compute/control applications	Damien Cassou, Emilie Balland, Charles Consel, Julia Lawall
123	2011	Lexical Normalisation of Short Text Messages : Makn Sens a # twitter	Bo Han, Timothy Baldwin
123	2011	Lexicographic multi-objective optimization for the unit commitment problem and economic dispatch in a microgrid	Matteo Salani, Alessandro Giusti, Gianni Di Caro, Andrea Emilio Rizzoli, Luca Maria Gambardella
123	2011	Lexicon-Based Methods for Sentiment Analysis	Maite Taboada, Julian Brooke, Milan Tofiloski, Kimberly Voll, Manfred Stede
123	2011	LF power of heart rate variability is not a measure of cardiac sympathetic tone but may be a measure of modulation of cardiac autonomic outflows by baroreflexes.	David S Goldstein, Oladi Bentho, Mee Yeong Park, Yehonatan Sharabi
123	2011	LGLC laser monolithically integrated with low-loss, dual-core, spot-size converter for tunable XFP modules	T Suzuki, H Arimoto, T Kitatani, A Takei, T Taniguchi, K Shinoda
123	2011	Li ion battery materials with core–shell nanostructures	Liwei Su, Yu Jing, Zhen Zhou
123	2012	Li – O 2 and Li – S batteries with high energy storage	Peter G Bruce, Stefan A Freunberger, Laurence J Hardwick, Jean-Marie Tarascon
124	2011	Li-air rechargeable battery based on metal-free graphene nanosheet catalysts.	Eunjoo Yoo, Haoshen Zhou
125	2011	Licklider Transmission Protocol (LTP)-Based DTN for Cislunar Communications	Ruhai Wang, Scott C Burleigh, Paavan Parikh, Che-Jen Jerry Lin, Bo Sun
126	2011	Life Cycle Analysis to estimate the environmental impact of residential photovoltaic systems in regions with a low solar irradiation	Ruben Laleman, Johan Albrecht, Jo Dewulf
127	2011	Life cycle assessment of buildings: A review	Aashish Sharma, Abhishek Saxena, Muneesh Sethi, Venu Shree
127	2011	Life cycle assessment of vertical and horizontal flow constructed wetlands for wastewater treatment considering nitrogen and carbon greenhouse gas emissions.	Valerie J Fuchs, James R Mihelcic, John S Gierke
127	2011	Life cycle cost analysis of a multi-storey residential Net Zero Energy Building in Denmark	Anna Joanna Marszal, Per Heiselberg
128	2011	Life cycle cost and energy analysis of a Net Zero Energy House with solar combisystem	Mitchell Leckner, Radu Zmeureanu
128	2011	Life cycle energy and CO2 analysis of microalgae-to-biodiesel: preliminary results and comparisons.	H H Khoo, P N Sharratt, P Das, R K Balasubramanian, P K Naraharisetti, S Shaik
128	2011	Life cycle environmental assessment of lithium-ion and nickel metal hydride batteries for plug-in hybrid and battery electric vehicles.	Guillaume Majeau-Bettez, Troy R Hawkins, Anders Hammer Strømman
128	2011	Life cycle greenhouse gas (GHG) emissions from the generation of wind and hydro power	Hanne Lerche Raadal, Luc Gagnon, Ingunn Saur Modahl, Ole Jørgen Hanssen
128	2011	Life cycle greenhouse gas assessment of infrastructure construction for California’s high-speed rail system	Brenda Chang, Alissa Kendall
128	2012	Life Cycle Greenhouse Gas Emissions of Thin-film Photovoltaic Electricity Generation	Hyung Chul Kim, Vasilis Fthenakis, Jun-Ki Choi, Damon E Turney
129	2011	Life span differences in electrophysiological correlates of monitoring gains and losses during probabilistic reinforcement learning.	Dorothea Hämmerer, Shu-Chen Li, Viktor Müller, Ulman Lindenberger
130	2011	Life-cycle greenhouse gas emissions and energy balances of sugarcane ethanol production in Mexico	Carlos A García, Alfredo Fuentes, Anna Hennecke, Enrique Riegelhaupt, Fabio Manzini, Omar Masera
130	2011	lifeClipper3 An augmented walking experience field evaluation of an experience design approach for immersive outdoor augmented reality	Jan Torpus, Beatrice Tobler
130	2011	LifeMap: a smartphone- Based context Provider for Location-Based services	Yohan Chon, Hojung Cha
130	2011	LiFePO4 mesocrystals for lithium-ion batteries.	Jelena Popovic, Rezan Demir-Cakan, Julian Tornow, Mathieu Morcrette, Dang Sheng Su, Robert Schlögl
131	2011	Lifestyle and self-care advice within traditional acupuncture consultations: a qualitative observational study nested in a co-operative inquiry.	Maggie Evans, Charlotte Paterson, Lesley Wye, Russ Chapman, Jane Robinson, Rosemary Norton
131	2011	Lifetime Analysis of a Slotted ALOHA-Based Wireless Sensor Network Using a Cross-Layer Frame Rate Adaptation Scheme	Lucas D P Mendes, Joel J P C Rodrigues, Athanasios V Vasilakos, Liang Zhou
131	2012	Lifetime fitness correlates of natal dispersal distance in a colonial bird.	David Serrano, José L Tella
131	2011	Lifetime optimization in hierarchical wireless sensor networks	S S Botros, H M ElSayed, H H Amer, M S El-Soudani
134	2011	Light coupling and enhanced backscattering in layered plasmonic nanocomposites	Olivier Deparis, Martynas Beresna, Cédric Vandenbem, Peter G Kazansky
135	2011	Light emission from a double-decker molecule on a metal surface	N L Schneider, F Matino, G Schull, S Gabutti, M Mayor, R Berndt
135	2011	Light emitting diodes based on GaN core/shell wires grown by MOVPE on n-type Si substrate	A L Bavencove, D Salomon, M Lafossas, B Martin, A Dussaigne, F Levy
136	2012	Light extraction efficiency improvement by multiple laser stealth dicing in InGaN-based blue light-emitting diodes.	Yiyun Zhang, Haizhong Xie, Haiyang Zheng, Tongbo Wei, Hua Yang, Jing Li
136	2011	Light extraction from surface plasmons and waveguide modes in an organic light-emitting layer by nanoimprinted gratings.	Jörg Frischeisen, Quan Niu, Alaa Abdellah, Jörg B Kinzel, Robert Gehlhaar, Giuseppe Scarpa
136	2011	Light factorization for mixed-frequency shadows in augmented reality	Derek Nowrouzezahrai, Stefan Geiger, Kenny Mitchell, Robert Sumner, Wojciech Jarosz, Markus Gross
137	2011	Light harvesting in organic solar cells	D Duché, E Drouard, Jj Simon, L Escoubas, Ph Torchio, J Le Rouzo
138	2012	Light localization in nonuniformly randomized lattices	Yaroslav V Kartashov, Vladimir V Konotop, Victor A Vysloukh, Lluis Torner
138	2011	Light modulation of cellular cAMP by a small bacterial photoactivated adenylyl cyclase, bPAC, of the soil bacterium Beggiatoa.	Manuela Stierl, Patrick Stumpf, Daniel Udwari, Ronnie Gueta, Rolf Hagedorn, Aba Losi
138	2012	Light on the Tip of a Needle: Plasmonic Nanofocusing for Spectroscopy on the Nanoscale	Samuel Berweger, Joanna M Atkin, Robert L Olmon, Markus B Raschke
138	2011	Light propagation in curved silver nanowire plasmonic waveguides.	Wenhui Wang, Qing Yang, Fengru Fan, Hongxing Xu, Zhong Lin Wang
139	2011	Light Propagation with Phase Discontinuities: Generalized Laws of Reflection and Refraction.	Nanfang Yu, Patrice Genevet, Mikhail A Kats, Francesco Aieta, Jean-Philippe Tetienne, Federico Capasso
140	2011	Light sheet fluorescence microscopy: a review.	Peter A Santi
140	2011	Light tools	Monya Baker
140	2011	Light transmission through nanostructured metallic films: coupling between surface waves and localized resonances.	L Lin, A Roberts
141	2011	Light trapping effect of patterned back surface reflectors in substrate-type single and tandem junction thin-film silicon solar cells	Hitoshi Sai, Michio Kondo
141	2012	Light Trapping in Solar Cells: Can Periodic Beat Random?	Corsin Battaglia, Ching-Mei Hsu, Karin Söderström, Jordi Escarré, Franz-Josef Haug, Mathieu Charrière
142	2011	Light-Driven Reversible Modulation of Doping in Graphene.	Myungwoong Kim, Nathaniel S Safron, Changshui Huang, Michael S Arnold, Padma Gopalan
143	2011	Light-Efficient Photography	Samuel W Hasinoff, Kiriakos N Kutulakos
143	2011	Light-emitting diode based on mask- and catalyst-free grown N-polar GaN nanorods.	G Kunert, W Freund, T Aschenbrenner, C Kruse, S Figge, M Schowalter
143	2011	Light-Harvesting Mechanism in Polymer/Fullerene/Dye Ternary Blends Studied by Transient Absorption Spectroscopy	Satoshi Honda, Seiichirou Yokoya, Hideo Ohkita, Hiroaki Benten, Shinzaburo Ito
143	2011	Light-Induced Charge Transport within a Single Asymmetric Nanowire.	Chong Liu, Yun Jeong Hwang, Hoon Eui Jeong, Peidong Yang
144	2011	Light-induced degradation of the P3HT-based solar cells active layer	Matthieu Manceau, Agnès Rivaton, Jean-Luc Gardette, Stéphane Guillerez, Noëlla Lemaître
144	2011	Light-induced disassembly of self-assembled vesicle-capped nanotubes observed in real time.	Anthony C Coleman, John M Beierle, Marc C A Stuart, Beatriz Maciá, Giuseppe Caroli, Jacek T Mika
144	2012	Light-induced liquid crystallinity	Tamas Kosa, Ludmila Sukhomlinova, Linli Su, Bahman Taheri, Timothy J White, Timothy J Bunning
144	2011	Light-induced release of DNA from gold nanoparticles: nanoshells and nanorods.	Ryan Huschka, Jorge Zuloaga, Mark W Knight, Lisa V Brown, Peter Nordlander, Naomi J Halas
145	2011	Light-trapping nano-structures in organic photovoltaic cells	Doo-Hyun Ko, John R Tumbleston, Abay Gadisa, Mukti Aryal, Rene Lopez, Edward T Samulski
145	2011	Light-weight flexible carbon nanotube based organic composites with large thermoelectric power factors.	Choongho Yu, Kyungwho Choi, Liang Yin, Jaime C Grunlan
145	2012	LightGuide : Projected Visualizations for Hand Movement Guidance	Rajinder Sodhi
145	2011	Lighting and Perceptual Cues: Effects on Gait Measures of Older Adults at High and Low Risk for Falls	Mariana G Figueiro, Barbara Plitnick, Mary S Rea, Laura Z Gras, Mark S Rea
145	2012	Lighting Controls in Commercial Buildings	Alison Williams, Barbara Atkinson, Karina Garbesi, Erik Page, Francis Rubinstein
145	2011	Lightness of the color measured by computer image analysis as a factor for assessing the quality of pork meat.	Marta Chmiel, Mirosław Słowiński, Krzysztof Dasiewicz
146	2011	Lightpath provisioning in wavelength switched optical networks with flexible grid	N Sambo, F Cugini, G Bottari, G Bruno, P Iovanna, P Castoldi
146	2011	Lights-off visible light communications	Tarik Borogovac, Michael B Rahaim, Malika Tuganbayeva, Thomas D C Little
146	2011	Lightweight 3D Modeling of Urban Buildings from Range Data	Weihong Li, George Wolberg, Siavash Zokai
146	2011	Lightweight detection of additive watermarking in the DWT-domain.	Roland Kwitt, Peter Meerwald, Andreas Uhl
147	2011	Like like alike — Joint Friendship and Interest Propagation in Social Networks	Shuang Hong Yang, Bo Long, Alex Smola
148	2011	Limb Movements Classification Using Wearable Wireless Transceivers	Anda R Guraliuc, Paolo Barsocchi, Francesco Potort X Ec, Paolo Nepa
148	2011	Limb-state information encoded by peripheral and central somatosensory neurons: implications for an afferent interface.	Douglas J Weber, Brian M London, James A Hokanson, Christopher A Ayers, Robert A Gaunt, Ricardo R Torres
148	2011	LIME: a framework for debugging load imbalance in multi-threaded execution	Jungju Oh, Christopher J Hughes, Guru Venkataramani, Milos Prvulovic
149	2012	Limitation of Fiber Nonlinearity Compensation Using Digital Back Propagation in the Presence of PMD	Guanjun Gao, Xi Chen, William Shieh
149	2011	Limitations of Simulation Tools for Large-Scale Wireless Sensor Networks	Muhammad Zahid Khan, Bob Askwith, Faycal Bouhafs, Muhammad Asim
150	2011	Limitations on dynamic excess carrier lifetime calibration methods	Ronald A Sinton, Thorsten Trupke
150	2011	Limited Feedback Over Temporally Correlated Channels for the Downlink of a Femtocell Network	Salam Akoum, Marios Kountouris, Robert W Heath
151	2011	Limited flexibility: A cost-effective trade-off for reconfigurable WDM-TDM optical access networks	Nguyen-Cac Tran, Ton Koonen, Chigo Okonkwo, Eduward Tangdiongga
151	2012	Limiting Factors to the Temperature Performance of THz Quantum Cascade Lasers Based on the Resonant-Phonon Depopulation Scheme	Y Chassagneux, Q J Wang, S P Khanna, E Strupiechonski, J R Coudevylle, E H Linfield
152	2011	Limits of modularity maximization in community detection	Andrea Lancichinetti, Santo Fortunato
153	2011	Limits to the Development of Feed-Forward Structures in Large Recurrent Neuronal Networks	Susanne Kunkel, Markus Diesmann, Abigail Morrison
153	2011	LIMO EEG: A Toolbox for Hierarchical LInear MOdeling of ElectroEncephaloGraphic Data	Cyril R Pernet, Nicolas Chauveau, Carl Gaspar, Guillaume A Rousselet
154	2011	Lin4Neuro: a customized Linux distribution ready for neuroimaging analysis	Kiyotaka Nemoto, Ippeita Dan, Christopher Rorden, Takashi Ohnishi, Daisuke Tsuzuki, Masako Okamoto
155	2011	Lineage mapping the pre-implantation mouse embryo by two-photon microscopy, new insights into the segregation of cell fates.	Katie McDole, Yuan Xiong, Pablo A Iglesias, Yixian Zheng
155	2011	LineageTracker: A statistical scoring method for tracking cell lineages in large cell populations with low temporal resolution	Mike Downey, Keith W Vance, Till Bretschneider
155	2011	Linear amplification for deep sequencing.	Wieteke A M Hoeijmakers, Richárd Bártfai, Kees-Jan Françoijs, Hendrik G Stunnenberg
156	2011	Linear and nonlinear crosstalk tolerance of polarization-switched QPSK and polarization-multiplexed QPSK	Martin Sjodin, Pontus Johannisson, Peter A Andrekson, Magnus Karlsson
156	2011	Linear and nonlinear impairment mitigation for enhanced transmission performance	O Bertran-Pardo, J Renaudier, M Salsi, P Tran, H Mardoyan, G Charlet
157	2011	Linear complexity for sequences with characteristic polynomial v	Alex J Burrage, Ana Salagean, Raphael C W Phan
158	2011	Linear coupling of undershoot with BOLD response in ER-fMRI and nonlinear BOLD response in rapid-presentation ER-fMRI.	Xiaopeng Zong, Jie Huang
158	2012	Linear Discriminative Image Processing Operator Analysis	Toru Tamaki, Bingzhi Yuan, Kengo Harada, Bisser Raytchev, Kazufumi Kaneda
158	2011	Linear dispersive effect on random lasing modes.	Yong Liu, Jinsong Liu, Kejia Wang
158	2011	Linear extractors for extracting randomness from noisy sources	Hongchao Zhou, Jehoshua Bruck
159	2011	Linear Local Models for Monocular Reconstruction of Deformable Surfaces	Mathieu Salzmann, Pascal Fua
160	2011	Linear Network Coding: Theory and Algorithms	Shuo-Yen Robert Li, Qifu Tyler Sun, Ziyu Shao
160	2011	Linear Parameter Varying control of a quadrotor	Samarathunga L M D Rangajeeva, James F Whidborne
162	2011	Linear regime extension technique in parallel LiNbO3 interferometric architectures for UWB applications	Roberto Llorente, Maria Morant, Jerome Hauden, Terence Quinlan, Alexandre Mottet, Stuart Walker
162	2011	Linear Scale and Rotation Invariant Matching	Hao Jiang, Stella X Yu, David R Martin
163	2012	Linear Solution to Scale Invariant Global Figure Ground Separation	Hao Jiang
163	2011	Linear stereo matching	Leonardo De-Maeztu, Stefano Mattoccia, Arantxa Villanueva, Rafael Cabeza
163	2012	Linear System Identification via Atomic Norm Regularization Atomic Decompositions of Transfer Functions	Parikshit Shah, Badri Narayan Bhaskar, Gongguo Tang, Benjamin Recht
163	2011	Linear tapered diplexing distributed power amplifier for mobile phone application	Wei Wang, Georg Fischer, Leon Van Den Oever, Christian Korden, Robert Weigel
164	2011	Linear-response theory of spin Seebeck effect in ferromagnetic insulators	Hiroto Adachi, Jun-ichiro Ohe, Saburo Takahashi, Sadamichi Maekawa
165	2011	Linearity enhancement of GaN HEMTs under complex modulated excitation by optimizing the baseband impedance environment	Muhammad Akmal, Vincenzo Carrubba, Jonathan Lees, S Bensmida, Johannes Benedikt, K Morris
165	2011	Linearity improvement in RF power amplifier system using integrated Auxiliary Envelope Tracking system	Z Yusoff, J Lees, J Benedikt, P J Tasker, S C Cripps
166	2011	Linearized electrooptic microwave downconversion using phase modulation and optical filtering.	Vincent R Pagán, Bryan M Haas, T E Murphy
166	2011	Lingodroids: Studies in spatial cognition and language	Ruth Schulz, Arren Glover, Michael J Milford, Gordon Wyeth, Janet Wiles
167	2011	Linguistic multifeature MMN paradigm for extensive recording of auditory discrimination profiles.	Eino Partanen, Martti Vainio, Teija Kujala, Minna Huotilainen
167	2012	Link between orientation and retinotopic maps in primary visual cortex	S B Paik, D L Ringach
168	2011	Link design: A forgotten art?	Andrea Carena, Gabriel Chalet
168	2011	Link prediction in bipartite graphs using internal links and weighted projection	Oussama Allali, Clemence Magnien, Matthieu Latapy
168	2011	Link Sense: Beyond Wireless Carrier Sensing	Naveen Santhapuri, Romit Roy Choudhury, Srihari Nelakuditi
169	2011	Link-oriented power allocation in multicast systems with physical layer network coding	Min Zhou, Qimei Cui, Hui Wang, Xiaofeng Tao, Hui Tian, Mikko Valkama
169	2011	Link-Utility-Based Cooperative MAC Protocol for Wireless Multi-Hop Networks	Yong Zhou, Ju Liu, Lina Zheng, Chao Zhai, He Chen
169	2011	LinkBench: Benchmark and metric framework for wireless sensor networks	Krisztian Veress, Miklos Maroti
169	2011	Linked independent component analysis for multimodal data fusion.	Adrian R Groves, Christian F Beckmann, Steve M Smith, Mark W Woolrich
169	2011	LinkedWS: A novel Web services discovery model based on the Metaphor of “social networks	Zakaria Maamar, Leandro Krug Wives, Youakim Badr, Said Elnaffar, Khouloud Boukadi, Noura Faci
170	2012	Linking brain structure and activation in temporoparietal junction to explain the neurobiology of human altruism.	Yosuke Morishima, Daniel Schunk, Adrian Bruhin, Christian C Ruff, Ernst Fehr
170	2011	Linking context with reward: a functional circuit from hippocampal CA3 to ventral tegmental area.	Alice H Luo, Pouya Tahsili-Fahadan, Roy A Wise, Carl R Lupica, Gary Aston-Jones
170	2011	Linking Granger Causality and the Pearl Causal Model with Settable Systems	Halbert White, Karim Chalak, Xun Lu
171	2011	Linking lipids to Alzheimer's disease: cholesterol and beyond.	Gilbert Di Paolo, Tae-Wan Kim
171	2011	Linking oligodendrocyte and myelin dysfunction to neurocircuitry abnormalities in schizophrenia.	Nagahide Takahashi, Takeshi Sakurai, Kenneth L Davis, Joseph D Buxbaum
171	2011	Linking run-time resource management of embedded multi-core platforms with automated design-time exploration	C Ykman-Couvreur, P Avasare, G Mariani, G Palermo, C Silvano, V Zaccaria
171	2011	Linking Speech Perception and Neurophysiology: Speech Decoding Guided by Cascaded Oscillators Locked to the Input Rhythm	Oded Ghitza
172	2011	Linking topography to tonotopy in the mouse auditory thalamocortical circuit.	Troy A Hackett, Tania Rinaldi Barkat, Barbara M J O'Brien, Takao K Hensch, Daniel B Polley
172	2012	Linking white matter tracts to associated cortical grey matter: a tract extension methodology.	DJ Tozer, DT Chard, B Bodini, O Ciccarelli, DH Miller, AJ Thompson
172	2012	Links to the Future 24	Michael Mackay
174	2011	Liposome micropatterning based on laser-induced forward transfer	A Palla-Papavlu, I Paraico, J Shaw-Stewart, V Dinca, T Savopol, E Kovacs
174	2011	Liquid Biofuels: Fluid Properties to Optimize Feedstock Selection, Processing, Refining/Blending, Storage/Transportation, and Combustion	George Anitescu, Thomas J Bruno
176	2011	Liquid droplet dynamics and complex morphologies in vapor–liquid–solid nanowire growth	E J Schwalbach, S H Davis, P W Voorhees, D Wheeler, J A Warren
176	2011	Liquid transfer imprint lithography: A new route to residual layer thickness control	Namil Koo, Jung Wuk Kim, Martin Otto, Christian Moormann, Heinrich Kurz
177	2011	Liquid-gated electric-double-layer transistor on layered metal dichalcogenide, SnS[sub 2]	H T Yuan, M Toh, K Morimoto, W Tan, F Wei, H Shimotani
177	2012	Liquid-Liquid Flow in a Capillary Microreactor: Hydrodynamic Flow Patterns and Extraction Performance	Jovan Jovanović, Evgeny V Rebrov, T A Xander Nijhuis, M T Kreutzer, Volker Hessel, Jaap C Schouten
178	2011	Lire la première partie de la thèse	Nicolas Guézennec
178	2011	List of Tables	Common Prefixes, Material Properties, Transformation Equations, Sample Finite, Element Library, Elastic Foundations
179	2011	Listening to President Obama: A Short Examination of Obama's Communication Practices	Efe Sevin, Spencer Kimball, Mohammed Khalil
179	2011	Listeria monocytogenes survival of UV-C radiation is enhanced by presence of sodium chloride, organic food material and by bacterial biofilm formation.	N Bernbom, B F Vogel, L Gram
180	2011	Literature Analysis of Innovation Diffusion	Ying Li
180	2011	Literature Review of Power Disaggregation	Lei Jiang, Jiaming Li, Suhuai Luo, Jesse Jin, Sam West, Commonwealth Scientific
181	2011	Lithium in Drinking Water and Thyroid Function	Karin Broberg, Gabriela Concha, Karin Engström, Magnus Lindvall, Margareta Grandér, Marie Vahter
181	2011	Lithium insertion/extraction mechanism in alloy anodes for lithium-ion batteries	Wei-Jun Zhang
181	2011	Lithium-air and lithium-sulfur batteries	Peter G Bruce, Laurence J Hardwick, K M Abraham
182	2011	Lithium-assisted plastic deformation of silicon electrodes in lithium-ion batteries: a first-principles theoretical study.	Kejie Zhao, Wei L Wang, John Gregoire, Matt Pharr, Zhigang Suo, Joost J Vlassak
182	2011	Lithium-ion supercapacitors for pulsed power applications	Raymond B Sepe, Anton Steyerl, Steven P Bastien
182	2011	Lithium–oxygen batteries—Limiting factors that affect performance	Richard Padbury, Xiangwu Zhang
182	2012	Lithographically Defined Three-Dimensional Graphene Structures.	Xiaoyin Xiao, Thomas E Beechem, Michael T Brumbach, Timothy N Lambert, Danae J Davis, Joseph R Michael
183	2011	Lithography-free fabrication of carbon nanotube network transistors.	Marina Y Timmermans, Kestutis Grigoras, Albert G Nasibulin, Ville Hurskainen, Sami Franssila, Vladimir Ermolov
183	2011	LittleRock: Enabling Energy-Efficient Continuous Sensing on Mobile Phones	Bodhi Priyantha, Dimitrios Lymberopoulos, Jie Liu
184	2011	Live demonstration: A CMOS-based lab-on-chip array for combined magnetic manipulation and opto-chemical sensing	Zheng Da Clinton Goh, Pantelis Georgiou, Timothy G Constandinou, Themistoklis Prodromakis, Christofer Toumazou
184	2011	Live music-making: a rich open task requires a rich open interface	Dan Stowell, Alex McLean
184	2011	Live-cell 3D super-resolution imaging in thick biological samples	Francesca Cella Zanacchi, Zeno Lavagnino, Michela Perrone Donnorso, Alessio Del Bue, Laura Furia, Mario Faretta
185	2011	Liveness supervision of AMS with complex processes using Petri nets	Hesuan Hu, Ying Tang, Mengchu Zhou, Zhiwu Li
185	2011	LivePulse : Tapping Social Media for Sentiments in Real-Time	Malu Castellanos, Riddhiman Ghosh, Yue Lu, Lei Zhang, Perla Ruiz, Mohamed Dekhil
185	2011	Living archaeology: Artefacts of specific nest site fidelity in wild chimpanzees.	F A Stewart, A K Piel, W C McGrew
185	2011	Living Bacterial Sacrificial Porogens to Engineer Decellularized Porous Scaffolds	Feng Xu, BanuPriya Sridharan, Naside Gozde Durmus, ShuQi Wang, Ahmet Sinan Yavuz, Umut Atakan Gurkan
185	2011	Living cell imaging by far-field fibered interference scanning optical microscopy.	Jean-Baptiste Decombe, Wilfrid Schwartz, Catherine Villard, Hervé Guillou, Joël Chevrier, Serge Huant
186	2011	Lizards as conservation targets in Argentinean Patagonia	Valeria Corbalán, Marcelo F Tognelli, José A Scolaro, Sergio A Roig-Juñent
187	2011	Ln2MO4 cathode materials for solid oxide fuel cells	Hui Zhao, Qiang Li, LiPing Sun
187	2011	LNT : a Logical Neighbor Tree for Secure Group Management in Wireless Sensor Networks	Omar Cheikhrouhou, Anis Koubâa, Gianluca Dini, Hani Alzaid, Mohamed Abid
188	2011	Load Distribution Aware Soft Frequency Reuse for Inter-Cell Interference Mitigation and Throughput Maximization in LTE Networks	Yiwei Yu, Eryk Dutkiewicz, Xiaojing Huang, Markus Mueck
189	2011	Load modulation of BOLD response and connectivity predicts working memory performance in younger and older adults.	Irene E Nagel, Claudia Preuschhof, Shu-Chen Li, Lars Nyberg, Lars Bäckman, Ulman Lindenberger
189	2011	Load reduction of wind turbines using receding horizon control	Mohsen Soltani, Rafael Wisniewski, Per Brath, Stephen Boyd
189	2011	Load Scheduling and Dispatch for Aggregators of Plug-In Electric Vehicles	Di Wu, Student Member, Dionysios C Aliprantis, Senior Member, Lei Ying
190	2011	Load-Induced Modulation of Signal Transduction Networks	P Jiang, A C Ventura, E D Sontag, S D Merajver, A J Ninfa, D Del Vecchio
190	2011	LoAd: A locally adaptive cortical segmentation algorithm	M Jorge Cardoso, Matthew J Clarkson, Gerard R Ridgway, Marc Modat, Nick C Fox, Sebastien Ourselin
191	2011	Local and global inhibition in bilingual word production: fMRI evidence from Chinese-English bilinguals.	Taomei Guo, Hongyan Liu, Maya Misra, Judith F Kroll
191	2011	Local and global optimization of exportable vehicle power based smart microgrid	A Godarzi, S A Nabavi Niaki, F Ahmadkhanlou, R Iravani
192	2011	Local binary patterns for multi-view facial expression recognition	S Moore, R Bowden
192	2012	Local Charge and Spin Currents in Magnetothermal Landscapes	Mathias Weiler, Matthias Althammer, Franz Czeschka, Hans Huebl, Martin Wagner, Matthias Opel
192	2012	Local charge transfer doping in suspended graphene nanojunctions	Jeffrey H Worne, Hemtej Gullapalli, Charudatta Galande, Pulickel M Ajayan, Douglas Natelson
193	2011	Local cortical surface complexity maps from spherical harmonic reconstructions.	Rachel A Yotter, Igor Nenadic, Gabriel Ziegler, Paul M Thompson, Christian Gaser
193	2011	Local density of trap states in SiO2 and Si3N4 films studied by single electron tunneling force spectroscopy	Dustin Winslow, Clayton Williams
194	2011	Local distance functions: A taxonomy, new algorithms, and an evaluation	Deva Ramanan, Simon Baker
194	2011	Local dynamic stability of the lifting kinematic chain.	Ryan B Graham, Patrick A Costigan, Erin M Sadler, Joan M Stevenson
194	2011	Local dynamic stability of trunk movements during the repetitive lifting of loads.	Ryan B Graham, Erin M Sadler, Joan M Stevenson
195	2011	Local electrical potential detection of DNA by nanowire–nanopore sensors	Ping Xie, Qihua Xiong, Ying Fang, Quan Qing, Charles M Lieber
195	2011	Local electronic properties of graphene on a BN substrate via scanning tunneling microscopy.	Régis Decker, Yang Wang, Victor W Brar, William Regan, Hsin-Zon Tsai, Qiong Wu
195	2011	Local Energy Storage Sizing in Plug-in Hybrid Electric Vehicle Charging Stations Under Blocking Probability Constraints	I Safak Bayram, George Michailidis, Michael Devetsikiotis, Subhashish Bhattacharya
197	2011	Local frequency descriptor for low-resolution face recognition	Zhen Lei, Timo Ahonen, Matti Pietikainen, Stan Z Li
197	2011	Local Graph Sparsification for Scalable Clustering	Venu Satuluri, Srinivasan Parthasarathy, Yiye Ruan
197	2011	Local Intensity Order Pattern for feature description	Zhenhua Wang, Bin Fan, Fuchao Wu
197	2011	Local interfacial interactions between amorphous SiO 2 and supported graphene	A N Rudenko, F J Keil, M I Katsnelson, A I Lichtenstein
198	2012	Local Key Estimation From an Audio Signal Relying on Harmonic and Metrical Structures	Hélène Papadopoulos, Geoffroy Peeters
198	2011	Local Laplacian filters: edge-aware image processing with a Laplacian pyramid	S Paris, SW Hasinoff, J Kautz
198	2011	Local modification of GaAs nanowires induced by laser heating.	S Yazji, I Zardo, M Soini, P Postorino, A Fontcuberta I Morral, G Abstreiter
198	2012	Local Naive Bayes Nearest Neighbor for Image Classification	Sancho Mccann, David G Lowe
199	2012	Local probing of propagating acoustic waves in a gigahertz echo chamber	Martin V Gustafsson, Paulo V Santos, Göran Johansson, Per Delsing
200	2011	Local SAR management by RF Shimming: a simulation study with multiple human body models.	Hanno Homann, Ingmar Graesslin, Holger Eggers, Kay Nehrke, Peter Vernickel, Ulrich Katscher
200	2011	Local sleep in awake rats.	Vladyslav V Vyazovskiy, Umberto Olcese, Erin C Hanlon, Yuval Nir, Chiara Cirelli, Giulio Tononi
200	2011	Local temperature determination of optically excited nanoparticles and nanodots.	Michael T Carlson, Aurangzeb Khan, Hugh H Richardson
200	2011	Local treatment of metastatic cancer--killing the seed or disturbing the soil?	Scott C Morgan, Chris C Parker
201	2012	Local Versus Centralized Charging Strategies for Electric Vehicles in Low Voltage Distribution Systems	Peter Richardson, Damian Flynn, Andrew Keane
204	2011	Localization in speech mixtures by listeners with hearing loss.	Virginia Best, Simon Carlile, Norbert Kopco, André Van Schaik
204	2011	Localization in wireless sensor networks with gradient descent	K Yedavalli, B Krishnamachari
205	2011	Localization of cortico-peripheral coherence with electroencephalography.	Adrian G Guggisberg, Sarang S Dalal, Johanna M Zumer, Daniel D Wong, Sviatlana Dubovik, Christoph M Michel
206	2011	Localization of Mobile Robots Using an Extended Kalman Filter in a LEGO NXT	Miguel Pinto, António Paulo Moreira, Aníbal Matos
206	2011	Localization of Nonlinear Loads in Electric Systems Through Harmonic Source Estimation	Gabriele D'Antona, Carlo Muscas, Sara Sulis
206	2011	Localization of robots based on wireless sensor networks	Zhang Guo-wei, Wang Jia-yu, Lu Qiu-hong
207	2011	Localization through fusion of discrete and continuous epipolar geometry with wheel and IMU odometry	Jinglin Shen, David Tick, Nicholas Gans
208	2011	Localization-based super-resolution microscopy with an sCMOS camera	Zhen-Li Huang, Hongyu Zhu, Fan Long, Hongqiang Ma, Lingsong Qin, Yongfeng Liu
208	2012	Localization-based super-resolution microscopy with an sCMOS camera Part II: Experimental methodology for comparing sCMOS with EMCCD cameras	Fan Long, Shaoqun Zeng, Zhen-Li Huang
209	2012	Localized microstimulation of primate pregenual cingulate cortex induces negative decision-making	Ken-ichi Amemori, Ann M Graybiel
209	2011	Localized States and resultant band bending in graphene antidot superlattices.	Milan Begliarbekov, Onejae Sul, John J Santanello, Nan Ai, Xi Zhang, Eui-Hyeok Yang
210	2011	Localized surface plasmon resonances arising from free carriers in doped quantum dots.	Joseph M Luther, Prashant K Jain, Trevor Ewers, A Paul Alivisatos
210	2011	Localizing actions through sequential 2D video projections	Hakan Boyraz, Marshall F Tappen, Rahul Sukthankar
210	2011	Localizing blurry and low-resolution text in natural images	Pannag Sanketi, Huiying Shen, James M Coughlan
211	2011	Localizing WiFi Access Points Using Signal Strength	Jahyoung Koo, Hojung Cha
212	2012	Locally oriented optical flow computation.	Yan Niu, Anthony Dick, Michael Brooks
212	2011	Locally oxidized silicon surface-plasmon Schottky detector for telecom regime.	Ilya Goykhman, Boris Desiatov, Jacob Khurgin, Joseph Shappir, Uriel Levy
212	2011	Locally rigid globally non-rigid surface registration	Kent Fujiwara, Ko Nishino, Jun Takamatsu, Bo Zheng, Katsushi Ikeuchi
212	2012	Locally Synchronized Synaptic Inputs	N Takahashi, K Kitamura, N Matsuo, M Mayford, M Kano, N Matsuki
212	2012	Locally-adaptive Cooperative Kalman Smoothing and Its Application to Identification of Nonstationary Stochastic Systems	M Niedzwiecki
213	2011	Locating phasor measurements and detecting cutset angles in power systems	Neng Fan, Feng Pan
216	2011	Location-Based Joint Relay Selection and Channel Allocation for Cognitive Radio Networks	Fangyong Li, Bo Bai, Jun Zhang, Khaled Ben Letaief
216	2011	Location-Related Privacy in Geo-Social Networks	Carmen Ruiz Vicente, Dario Freni, Claudio Bettini, Christian S Jensen
217	2011	Loci of competition for future internet architectures	John Chuang
217	2011	Lock-free transactional support for large-scale storage systems	Flavio Junqueira, Benjamin Reed, Maysam Yabandeh
218	2011	Locomotion-related oscillatory body movements at 6-12 Hz modulate the hippocampal theta rhythm.	Anders Ledberg, David Robbe
218	2011	Locus of spatial attention determines inward-outward anisotropy in crowding.	Yury Petrov, Olga Meleshkevich
218	2011	LOEDAR: A low cost error detection and recovery scheme for ECC	Kun Ma, Kaijie Wu
218	2012	LOESS correction for length variation in gene set-based genomic sequence analysis.	Anton Aboukhalil, Martha L Bulyk
219	2012	Logic Inverter Implemented with CVD-Assembled Graphene FET on Hexagonal Boron Nitride	Edwin Kim, Nikhil Jain, Yang Xu, Bin Yu
219	2011	Logic programming with simulation-based temporal projection for everyday robot object manipulation	Lars Kunze, Mihai Emanuel Dolha, Michael Beetz
220	2011	Logistic regression by means of evolutionary radial basis function neural networks.	Pedro Antonio Gutierrez, C X E Sar Hervas-Martinez, Francisco J Martinez-Estudillo
221	2012	Lognormal and Gamma Mixed Negative Binomial Regression	Mingyuan Zhou, David Dunson
221	2011	Lognormal switching times for titanium dioxide bipolar memristors: origin and resolution.	Gilberto Medeiros-Ribeiro, Frederick Perner, Richard Carter, Hisham Abdalla, Matthew D Pickett, R Stanley Williams
222	2011	Long non-coding RNAs and enhancers.	Ulf Andersson Ørom, Ramin Shiekhattar
222	2012	Long term data fusion for a dense time series analysis with MODIS and Landsat imagery in an Australian Savanna	Michael Schmidt, Thomas Udelhoven, Tony Gill, Achim Röder
223	2011	Long- and Medium-Chain Fatty Acids Induce Insulin Resistance to a Similar Extent in Humans Despite Marked Differences in Muscle Fat Accumulation.	Joris Hoeks, Marco Mensink, Matthijs K C Hesselink, Kim Ekroos, Patrick Schrauwen
224	2012	Long-Distance Spin-Spin Coupling via Floating Gates	Luka Trifunovic, Oliver Dial, Mircea Trif, James Wootton, Rediet Abebe, Amir Yacoby
224	2011	Long-Endurance Nanocrystal TiO_2 Resistive Memory Using a TaON Buffer Layer	C H Cheng, P C Chen, Y H Wu, F S Yeh, Albert Chin
224	2012	Long-haul WDM transmission of PDM-8PSK and PDM-8QAM with nonlinear DSP	Carsten Behrens, Domaniç Lavery, Robert I Killey, Seb J Savory, Polina Bayvel
224	2011	Long-lasting flexible organic solar cells stored and tested entirely in air	B Omrane, C K Landrock, Y Chuo, D Hohertz, J Aristizabal, B Kaminska
225	2011	Long-lived ultrafast spin precession in manganese alloys films with a large perpendicular magnetic anisotropy.	S Mizukami, F Wu, A Sakuma, J Walowski, D Watanabe, T Kubota
225	2011	Long-range dielectric-loaded surface plasmon polariton waveguides operating at telecommunication wavelengths.	Valentyn S Volkov, Zhanghua Han, Michael G Nielsen, Kristjan Leosson, Hamid Keshmiri, Jacek Gosciniak
226	2011	Long-range ordered single-crystal graphene on high-quality heteroepitaxial Ni thin films grown on MgO(111).	Takayuki Iwasaki, Hye Jin Park, Mitsuharu Konuma, Dong Su Lee, Jurgen H Smet, Ulrich Starke
226	2011	Long-range pseudoknot interactions dictate the regulatory response in the tetrahydrofolate riboswitch.	Lili Huang, Satoko Ishibe-Murakami, Dinshaw J Patel, Alexander Serganov
226	2011	Long-range spin Seebeck effect and acoustic spin pumping.	K Uchida, H Adachi, T An, T Ota, M Toda, B Hillebrands
227	2011	Long-reach 26.54-Gbps OFDM RoF system at 60 GHz over 100-km fiber and 3-m wireless transmission employing phase noise compensation and bit-loading algorithms	Chia-Chien Wei, Chun-Ting Lin, Ming-I Chao, Wen-Jr Jiang, Chun-Hung Ho
229	2011	Long-term effect of combined interpersonal psychotherapy and pharmacotherapy in a randomized trial of depressed patients.	F Holländare, S Johnsson, M Randestad, M Tillfors, P Carlbring, G Andersson
229	2011	Long-term effectiveness of cognitive-behavioural self-help intervention for nightmares.	Jaap Lancee, Victor I Spoormaker, Jan Van Den Bout
229	2011	Long-term evolution and transmission dynamics of swine influenza A virus.	Dhanasekaran Vijaykrishna, Gavin J D Smith, Oliver G Pybus, Huachen Zhu, Samir Bhatt, Leo L M Poon
230	2011	Long-term follow-up of internet-delivered exposure and mindfulness based treatment for irritable bowel syndrome.	Brjánn Ljótsson, Erik Hedman, Perjohan Lindfors, Timo Hursti, Nils Lindefors, Gerhard Andersson
230	2011	Long-term hand tele-rehabilitation on the playstation 3: Benefits and challenges	Grigore C Burdea, Abhishek Jain, Bryan Rabin, Richard Pellosie, Meredith Golomb
230	2011	Long-term maintenance of the analgesic effects of transcranial magnetic stimulation in fibromyalgia.	Alaa Mhalla, Sophie Baudic, Daniel Ciampi De Andrade, Michele Gautron, Serge Perrot, Manoel Jacobson Teixeira
230	2011	Long-term memory prepares neural activity for perception	Mark G Stokes, Kathryn Atherton, Eva Zita Patai, Anna Christina Nobre
231	2011	Long-term operational lifetime and degradation analysis of P3HT:PCBM photovoltaic cells	Eszter Voroshazi, Bregt Verreet, Tom Aernouts, Paul Heremans
231	2011	Long-term performance degradation of various kinds of photovoltaic modules under moderate climatic conditions	Tetsuyuki Ishii, Takumi Takashima, Kenji Otani
232	2011	Long-term prognosis of breast cancer detected by mammography screening or other methods.	Tiina Lehtimäki, Mikael Lundin, Nina Linder, Harri Sihto, Kaija Holli, Taina Turpeenniemi-Hujanen
233	2011	Long-term shifts in abundance and distribution of a temperate fish fauna: a response to climate change and fishing practices	Peter R Last, William T White, Daniel C Gledhill, Alistair J Hobday, Rebecca Brown, Graham J Edgar
233	2011	Long-term stability of neural prosthetic control signals from silicon cortical arrays in rhesus macaque motor cortex.	C A Chestek, V Gilja, P Nuyujukian, J D Foster, J M Fan, M T Kaufman
233	2011	Long-term stable silver subsurface ion-exchanged glasses for SERS applications.	Anne Simo, Virginia Joseph, Robert Fenger, Janina Kneipp, Klaus Rademann
234	2011	Long-term thermal stability of high-efficiency polymer solar cells based on photocrosslinkable donor-acceptor conjugated polymers.	Gianmarco Griffini, Jessica D Douglas, Claudia Piliego, Thomas W Holcombe, Stefano Turri, Jean M J Fréchet
234	2011	Long-term, repeated measurements of mouse cortical microflow at the same region of interest with high spatial resolution.	Yutaka Tomita, Elisabeth Pinard, Alexy Tran-Dinh, Istvan Schiszler, Nathalie Kubis, Minoru Tomita
234	2012	Long-Wavelength Helimagnetic Order and Skyrmion Lattice Phase in Cu_2OSeO_3	T Adams, A Chacon, M Wagner, A Bauer, G Brandl, B Pedersen
235	2012	Long-wavelength VCSELs for sensing applications	M Ortsiefer, J Rosskopf, C Neumeyr, T Gründl, C Grasse, J Chen
235	2012	Longer InN phonon lifetimes in nanowires.	N Domènech-Amador, R Cuscó, L Artús, T Stoica, R Calarco
235	2011	Longer term test-retest reliability of error-related brain activity.	Anna Weinberg, Greg Hajcak
235	2011	Longitudinal and Transversal End-Effects Analysis of Linear Switched Reluctance Motor	Zhu Zhang, Norbert C Cheung, K W E Cheng, X D Xue, J K Lin
235	2011	Longitudinal and transverse coupling in infrared gold nanoantenna arrays: long range versus short range interaction regimes.	Daniel Weber, Pablo Albella, Pablo Alonso-González, Frank Neubrech, Han Gui, Tadaaki Nagao
235	2011	Longitudinal change detection: inference on the diffusion tensor along white-matter pathways.	Antoine Grigis, Vincent Noblet, Fréderic Blanc, Fabrice Heitz, Jérome De Seze, Jean-Paul Armspach
237	2011	Longitudinal tractography with application to neuronal fiber trajectory reconstruction in neonates.	Pew-Thian Yap, John H Gilmore, Weili Lin, Dinggang Shen
237	2012	Look & Touch : Gaze-supported Target Acquisition	Sophie Stellmach, Raimund Dachselt
237	2011	Look Back before Leaping Forward: Four Decades of Domestic Energy Inquiry	Michael Hazas, Adrian Friday, James Scott
238	2011	Look-ahead dispatch in ERCOT: Case study	Le Xie, Xu Luo, Oladiran Obadina
238	2012	Look-Up Table Implementation of a Slow Envelope Dependent Digital Predistorter for Envelope Tracking Power Amplifiers	Pere L Gilabert, Gabriel Montoro
238	2011	Looking Back on the Language and Hardware Revolutions	Measured Power, Hadi Esmaeilzadeh, Xi Yang, Stephen M Blackburn, Kathryn S Mckinley
239	2011	Looking Inside Modern Receivers	Frederic Chastellain, Cyril Botteron, Pierre-Andre Farine
239	2011	Looking to the future: Automatic regulation of attention between current performance and future plans	Jiro Okuda, Sam J Gilbert, Paul W Burgess, Chris D Frith, Jon S Simons
240	2011	Lorentzian based iterative hard thresholding for compressed sensing	Rafael E Carrillo, Kenneth E Barner
240	2011	LORETA analysis of three-dimensional distribution of delta band activity in schizophrenia: Relation to negative symptoms.	Toru Itoh, Tomiki Sumiyoshi, Yuko Higuchi, Michio Suzuki, Yasuhiro Kawasaki
241	2011	Loss comparison of different sub-module implementations for modular multilevel converters in HVDC applications	Tomas Modeer, Hans-Peter Nee, Staffan Norrga
241	2011	Loss compensation by gain and spasing.	Mark I Stockman
241	2011	Loss of Coherence of Low Frequency Fluctuations of BOLD FMRI in Visual Cortex of Healthy Aged Subjects.	Lirong Yan, Yan Zhuo, Bo Wang, Danny J J Wang
242	2011	Loss Performance Modeling for Hierarchical Heterogeneous Wireless Networks With Speed-Sensitive Call Admission Control	Qian Huang, Yue-Cai Huang, King-Tim Ko, Villy B X E K Iversen
243	2011	Lost in thoughts: neural markers of low alertness during mind wandering.	Claire Braboszcz, Arnaud Delorme
243	2012	LotusNet: Tunable privacy for distributed online social network services	Luca Maria Aiello, Giancarlo Ruffo
244	2011	Loupe: Verifying Publish-Subscribe Architectures with a Magnifying Lens	Luciano Baresi, Carlo Ghezzi, Luca Mottola
244	2011	Lovers' box: Designing for reflection within romantic relationships	Anja Thieme, Jayne Wallace, James Thomas, Ko Le Chen, Nicole Krämer, Patrick Olivier
245	2011	Low Carbon Emission IP over WDM Network	Xiaowen Dong, Taisir El-Gorashi, Jaafar M H Elmirghani
246	2011	Low complexity digital perturbation back-propagation	Weizhen Yan, Zhenning Tao, Liang Dou, Lei Li, Shoichiro Oda, Takahito Tanimura
247	2011	Low Cost Sensors Based on SPR in a Plastic Optical Fiber for Biosensor Implementation	Nunzio Cennamo, Davide Massarotti, Laura Conte, Luigi Zeni
247	2011	Low density carbon nanotube forest as an index-matched and near perfect absorption coating	Haofei Shi, Jong G Ok, Hyoung Won Baac, L Jay Guo
248	2011	Low dose 320-row CT for left atrium and pulmonary veins imaging-the feasibility study.	Lin Yang, Lei Xu, Zixu Yan, Wei Yu, Zhanming Fan, Biao Lv
248	2011	Low dose reconstruction algorithm for differential phase contrast imaging.	Zhentian Wang, Zhifeng Huang, Li Zhang, Zhiqiang Chen, Kejun Kang, Hongxia Yin
248	2011	Low energy compact power modulators for transient plasma ignition	Daniel Singleton, Andras Kuthi, Jason Sanders, Martin Gundersen, Alexandra Simone, Scott Pendleton
249	2011	Low frequency fluctuations reveal integrated and segregated processing among the cerebral hemispheres.	Dylan G Gee, Bharat B Biswal, Clare Kelly, David E Stark, Daniel S Margulies, Zarrar Shehzad
249	2011	Low insertion loss substrate integrated waveguide quasi-elliptic filters for V-band wireless personal area network applications	D Zelenchuk V Fusco
250	2012	Low Latency Optical Services	Michael Freiberger-verizon, David Templeton-verizon, Engel Mercado-verizon
250	2011	Low loss silicon waveguides for the mid-infrared	Goran Z Mashanovich, Milan M Milošević, Milos Nedeljkovic, Nathan Owens, Boqian Xiong, Ee Jin Teo
251	2011	Low noise micro-power chopper amplifier for MEMS gas sensor	Jamel Nebhen, Stephane Meillere, Mohamed Masmoudi, Jean-Luc Seguin, Herve Barthelemy, Khalifa Aguir
252	2011	Low power control IC for efficient high-voltage piezoelectric driving in a flying robotic insect	Michael Karpelson, Robert J Wood, Gu-Yeon Wei
252	2011	Low power embedded memory design process to system level considerations	Esin Terzioglu, Sei Seung Yoon, ChangHo Jung, Ritu Chaba, Venu Boynapalli, Mohamed Abu-Rahma
253	2011	Low power implementation of maximum energy harvesting scheme for vibration-based electromagnetic microgenerators	Rohan Dayal, Leila Parsa
253	2011	Low power resonant optical excitation of an optomechanical cavity.	Yiyang Gong, Armand Rundquist, Arka Majumdar, Jelena Vuckovic
253	2011	Low power wideband receiver and transmitter chipset for mm-wave imaging in SiGe bipolar technology	M Tiebout, H D Wohlmuth, H Knapp, R Salerno, M Druml, J Kaeferboeck
254	2011	Low Power Wireless Sensor Network for Building Monitoring	Tom Torfs, Tom Sterken, Steven Brebels, Nicolas Saillen, Nicolas Bertsch, Davide Trapani
255	2011	Low resource processing algorithms for laser Doppler blood flow imaging.	Hoang C Nguyen, Barrie R Hayes-Gill, Yiqun Zhu, John A Crowe, Diwei He, Stephen P Morgan
255	2011	Low temperature atmospheric pressure plasma sources for microbial decontamination	J Ehlbeck, U Schnabel, M Polak, J Winter, Th Von Woedtke, R Brandenburg
256	2011	Low Temperature Laser Metallization for Silicon Solar Cells	T C Röder, E Hoffmann, B Konrad, J R Köhler
258	2012	Low voltage, hysteresis free, and high mobility transistors from all-inorganic colloidal nanocrystals.	Dae Sung Chung, Jong-Soo Lee, Jing Huang, Angshuman Nag, Sandrine Ithurria, Dmitri V Talapin
258	2011	Low writing energy and sub nanosecond spin torque transfer switching of in-plane magnetic tunnel junction for spin torque transfer random access memory	H Zhao, A Lyle, Y Zhang, P K Amiri, G Rowlands, Z Zeng
258	2011	Low-carbohydrate diet review: shifting the paradigm.	Adele H Hite, Valerie Goldstein Berkowitz, Keith Berkowitz
258	2011	Low-carbon building assessment and multi-scale input–output analysis	G Q Chen, H Chen, Z M Chen, Bo Zhang, L Shao, S Guo
259	2011	Low-complexity and phase noise tolerant carrier phase estimation for dual-polarization 16-QAM systems.	Yuliang Gao, Alan Pak Tao Lau, Shuangyi Yan, Chao Lu
259	2011	Low-Complexity Multi-Band Polyphase Filter Bank for Reduced-Guard-Interval Coherent Optical OFDM	Alex Tolmachev, Moshe Nazarathy
260	2011	Low-Complexity Network Echo Cancellation Approach for Systems Equipped With External Memory	Magnus Berggren, Markus Borgh, Christian Schuldt, Fredric Lindstrom, Ingvar Claesson
260	2011	Low-complexity, near-lossless coding of depth maps from kinect-like depth cameras	Sanjeev Mehrotra, Zhengyou Zhang, Qin Cai, Cha Zhang, Philip A Chou
260	2011	Low-concentration mechanical biosensor based on a photonic crystal nanowire array	Yuerui Lu, Songming Peng, Dan Luo, Amit Lal
260	2011	Low-cost and disposable pressure sensor mat for non-invasive sleep and movement monitoring applications	Jose K Abraham, Shawn Sullivan, Sridhar Ranganathan
260	2011	Low-Cost and High-Efficient W-Band Substrate Integrated Waveguide Antenna Array Made of Printed Circuit Board Process	Nasser Ghassemi, Student Member, Ke Wu, Stephane Claude, Xiupu Zhang
260	2011	Low-cost charge collector of photovoltaic power conditioning system based dynamic DC/DC topology	X Long, R Liao, J Zhou
261	2012	Low-cost control flow error protection by exploiting available redundancies in the pipeline	Mohammad Abdur Rouf, Soontae Kim
261	2011	Low-cost copper zinc tin sulfide counter electrodes for high-efficiency dye-sensitized solar cells.	Xukai Xin, Ming He, Wei Han, Jaehan Jung, Zhiqun Lin
261	2011	Low-Cost Dual Rotating Infrared Sensor for Mobile Robot Swarm Applications	Geunho Lee, Nak Young Chong
261	2012	Low-cost efficient Interactive Whiteboard	Massimo Camplani, Luis Salgado, Romolo Camplani
261	2011	Low-cost fault detection method for ECC using Montgomery powering ladder	Dusko Karaklajic, Junfeng Fan, Jorn-Marc Schmidt, Ingrid Verbauwhede
261	2011	Low-Cost Gas Sensors Produced by the Graphite Line-Patterning Technique Applied to Monitoring Banana Ripeness	Alexandra Manzoli, Clarice Steffens, Rafaella T Paschoalin, Alessandra A Correa, William F Alves, Fábio L Leite
262	2011	Low-Cost Phased-Array Antenna Using Compact Tunable Phase Shifters Based on Ferroelectric Ceramics	Mohsen Sazegar, Yuliang Zheng, Holger Maune, Christian Damm, Xianghui Zhou, Joachim Binder
262	2012	Low-cost, large-scale, and facile production of Si nanowires exhibiting enhanced third-order optical nonlinearity.	Zhipeng Huang, Ruxue Wang, Ding Jia, Li Maoying, Mark G Humphrey, Chi Zhang
263	2011	Low-Delay Signal Processing for Digital Hearing Aids	Ashutosh Pandey, V John Mathews
263	2011	Low-dimensional-structure self-learning and thresholding: Regularization beyond compressed sensing for MRI Reconstruction.	Mehmet Akçakaya, Tamer A Basha, Beth Goddu, Lois A Goepfert, Kraig V Kissinger, Vahid Tarokh
264	2011	Low-energy district heating in energy-efficient building areas	A Dalla Rosa, J E Christensen
266	2011	Low-grade heat conversion into power using organic Rankine cycles – A review of various applications	Bertrand F Tchanche, Gr Lambrinos, A Frangoudakis, G Papadakis
267	2011	Low-intensity blue-enriched white light (750 lux) and standard bright light (10 000 lux) are equally effective in treating SAD. A randomized controlled study	Ybe Meesters, Vera Dekker, Luc JM Schlangen, Elske H Bos, Martine J Ruiter
267	2011	Low-Latency FPGA Based Financial Data Feed Handler	Robin Pottathuparambil, Jack Coyne, Jeffrey Allred, William Lynch, Vincent Natoli
267	2012	Low-Latency Video Streaming with Congestion Control in Mobile Ad-Hoc Networks	C Greco, M Cagnazzo
268	2011	Low-loss hollow metallic waveguides efficiently coupled to terahertz micro-ring quantum cascade lasers	Miriam Serena Vitiello, Ji-Hua Xu, Mirgender Kumar, Fabio Beltram, Alessandro Tredicucci, Oleg Mitrofanov
268	2011	Low-loss hybrid silicon tapers	Paolo Pintus, Martijn J R Heck, Geza Kurczveil, John E Bowers
268	2011	Low-loss multilayered metamaterial exhibiting a negative index of refraction at visible wavelengths.	Carlos García-Meca, Juan Hurtado, Javier Martí, Alejandro Martínez, Wayne Dickson, Anatoly V Zayats
268	2011	Low-Loss Plasmonic Metamaterials	A Boltasseva, H A Atwater
269	2012	Low-loss polysilicon waveguides fabricated in an emulated high-volume electronics process	Jason S Orcutt, Sanh D Tang, Steve Kramer, Karan Mehta, Hanqing Li, Vladimir Stojanović
269	2011	Low-loss Si 3 N 4 arrayed-waveguide grating ( de ) multiplexer using nano-core optical waveguides	Daoxin Dai, Zhi Wang, Jared F Bauters, M Tien, Martijn J R Heck, J Daniel
269	2011	Low-loss VIS/IR-XUV beam splitter for high-power applications.	Ioachim Pupeza, Ernst E Fill, Ferenc Krausz
269	2011	Low-loss, high-permittivity composites made from graphene nanoribbons.	Ayrat Dimiev, Wei Lu, Kyle Zeller, Benjamin Crowgey, Leo C Kempel, James M Tour
270	2011	Low-Phase-Noise Graphene FETs in Ambipolar RF Applications	J S Moon, D Curtis, D Zehnder, S Kim, D K Gaskill, G G Jernigan
271	2011	Low-Power and High-Contrast Nanoscale All-Optical Diodes Via Nanocomposite Photonic Crystal Microcavities	Xiaoyong Hu, Zhiqiang Li, Jiaxiang Zhang, Hong Yang, Qihuang Gong, Xinping Zhang
271	2011	Low-Power and Highly Reliable Multilevel Operation in ZrO_2 1T1R RRAM	Ming-Chi Wu, Yi-Wei Lin, Wen-Yueh Jang, Chen-Hsi Lin, Tseung-Yuen Tseng
271	2011	Low-Power Clock Tree Design for Pre-Bond Testing of 3-D Stacked ICs	Xin Zhao, Dean L Lewis, Hsien-Hsin S Lee, Sung Kyu Lim
271	2011	Low-Power CMOS Equalizer Design for 20-Gb/s Systems	Sameh Ibrahim, Behzad Razavi
272	2011	Low-power nano-optical vortex trapping via plasmonic diabolo nanoantennas	Ju-Hyung Kang, Kipom Kim, Ho-Seok Ee, Yong-Hee Lee, Tae-Young Yoon, Min-Kyo Seo
273	2011	Low-power switching of phase-change materials with carbon nanotube electrodes.	Feng Xiong, Albert D Liao, David Estrada, Eric Pop
273	2012	Low-Power Wireless Power Delivery	Erez Falkenstein, Michael Roberg, Zoya Popović
273	2012	Low-power wireless sensor nodes for ubiquitous long-term biomedical signal monitoring	C Bachmann, M Ashouei, V Pop, M Vidojkovic, H D Groot, B Gyselinckx
273	2011	Low-Power-Consumption High-Eye-Margin 10-Gb/s Operation by GaInAsP/InP Distributed Reflector Lasers With Wirelike Active Regions	SeungHun Lee, Daisuke Takahashi, Takahiko Shindo, Keisuke Shinno, Tomohiro Amemiya, Nobuhiko Nishiyama
274	2012	Low-Rank Matrix Recovery with Structural Incoherence for Robust Face Recognition	Chih-fan Chen, Chia-po Wei, Yu-chiang Frank Wang
274	2011	Low-resistance Ni/Al Ohmic contacts applied to a nonpolar a-plane n-type GaN	Dong Ho Kim, Su Jin Kim, Yu Jeong Seo, Tae Geun Kim, Sung Min Hwang
274	2011	Low-ripple hysteretic-controlled monolithic buck converter with adapted switching frequency for large step-down ratio applications	Se-Won Wang, Young-Jin Woo, Young-Sub Yuk, Byunghun Lee, Gyu-Ha Cho, Gyu-Hyeong Cho
275	2011	Low-Temperature Annealing for Highly Conductive Lead Chalcogenide Quantum Dot Solids	Seung Jae Baik, Kyungnam Kim, Koeng Su Lim, SoMyung Jung, Yun-Chang Park, Dong Geon Han
275	2012	Low-temperature chemical vapor deposition growth of graphene from toluene on electropolished copper foils.	Bin Zhang, Wi Hyoung Lee, Richard Piner, Iskandar Kholmanov, Yaping Wu, Huifeng Li
275	2011	Low-temperature fabrication of high-performance metal oxide thin-film electronics via combustion processing.	Myung-Gil Kim, Mercouri G Kanatzidis, Antonio Facchetti, Tobin J Marks
275	2011	Low-Temperature Hybrid CMOS Circuits Based on Chalcogenides and Organic TFTs	Israel Mejia, Ana L Salas-Villasenor, Adrian Avendano-Bolivar, Julius Horvath, Harvey Stiegler, Bruce E Gnade
276	2011	Low-temperature photocarrier dynamics in monolayer MoS2	T Korn, S Heydrich, M Hirmer, J Schmutzler, C Schüller
277	2012	Low-temperature synthesis of indium tin oxide nanowires as the transparent electrodes for organic light emitting devices	Yeh Yee Kee, Sek Sean Tan, Thian Khok Yong, Chen Hon Nee, Seong Shan Yap, Teck Yong Tou
277	2011	Low-temperature synthesis of large-area graphene-based transparent conductive films using surface wave plasma chemical vapor deposition	Jaeho Kim, Masatou Ishihara, Yoshinori Koga, Kazuo Tsugawa, Masataka Hasegawa, Sumio Iijima
277	2011	Low-temperature, high-performance solution-processed metal oxide thin-film transistors formed by a ‘sol–gel on chip’ process.	K K Banger, Y Yamashita, K Mori, R L Peterson, T Leedham, J Rickard
277	2011	Low-temperature, high-performance, solution-processed indium oxide thin-film transistors.	Seung-Yeol Han, Gregory S Herman, Chih-hung Chang
277	2012	Low-Threshold Heterogeneously Integrated InP / SOI Lasers With a Double Adiabatic Taper Coupler	M Lamponi, S Keyvaninia, C Jany, F Poingt, F Lelarge, G De Valicourt
278	2011	Low-voltage electrowetting on a lipid bilayer formed on hafnium oxide	Ingrid F Guha, Jakub Kedzierski, Behrouz Abedian
278	2011	Low-voltage high-performance silicon photonic devices and photonic integrated circuits operating up to 30 Gb/s.	Gyungock Kim, Jeong Woo Park, In Gyoo Kim, Sanghoon Kim, Sanggi Kim, Jong Moo Lee
279	2011	Low-voltage p- and n-type organic self-assembled monolayer field effect transistors.	Michael Novak, Alexander Ebel, Timo Meyer-Friedrichsen, Abdesselam Jedaa, Benito F Vieweg, Guang Yang
279	2012	Low-voltage, high-extinction-ratio, Mach-Zehnder silicon optical modulator for CMOS-compatible integration	Jianfeng Ding, Hongtao Chen, Lin Yang, Lei Zhang, Ruiqiang Ji, Yonghui Tian
279	2011	Low-voltage, low-power, organic light-emitting transistors for active matrix displays.	M A McCarthy, B Liu, E P Donoghue, I Kravchenko, D Y Kim, F So
280	2012	Lower leg muscle involvement in Duchenne muscular dystrophy: an MR imaging and spectroscopy study.	Martin Torriani, Elise Townsend, Bijoy J Thomas, Miriam A Bredella, Reza H Ghomi, Brian S Tseng
281	2011	Lowering Overhead in Sampling-based Execution Monitoring and Tracing	Johnson J Thomas, Sebastian Fischmeister
281	2011	Lowering the Temperature of Solid Oxide Fuel Cells	E D Wachsman, K T Lee
281	2011	Lp-Norm Multiple Kernel Learning	Marius Kloft
281	2011	LPV observer design for PEM fuel cell system: Application to fault detection	S De Lira, V Puig, J Quevedo, A Husar
281	2011	LQG-MP: Optimized path planning for robots with motion uncertainty and imperfect state information	J Van Den Berg, P Abbeel, K Goldberg
282	2011	LSPR Biosensor Signal Enhancement Using Nanoparticle-Antibody Conjugates.	W Paige Hall, Salome N Ngatia, Richard P Van Duyne
283	2011	LTE Advanced : The 4G Mobile Broadband Technology	Jolly Parikh, Anuradha Basu
283	2011	LTE for UMTS Evolution to LTE-Advanced	Harri Holma, Antti Toskala
283	2011	LTE mobile network virtualization	Yasir Zaki, Liang Zhao, Carmelita Goerg, Andreas Timm-Giel
283	2011	LTE PHY performance analysis under 3GPP standards parameters	Fahimeh Rezaei, Michael Hempel, Hamid Sharif
283	2011	LTE-A an overview and future research areas	Shihab Jimaa, Yasir Alfadhl
283	2012	LTE-Advanced : An Operator Perspective	Prakash Bhat, Satoshi Nagata, Luis Campoy, Ignacio Berberana, Thomas Derham, Guangyi Liu
283	2012	LTE-Advanced Modem Design : Challenges and Perspectives	Dongwoon Bai, Cheolhee Park, Jungwon Lee, Samsung Electronics
284	2011	LTE-Advanced: Handover interruption time analysis for IMT-A Evaluation	Deepti Singhal, Mythili Kunapareddy, Vijayalakshmi Chetlapalli, Vinosh Babu James, Nadeem Akhtar
284	2012	LTL types FRP Linear-time Temporal Logic Propositions as Types Proofs as Functional Reactive Programs	Alan Jeffrey, Alcatel-lucent Bell Labs
284	2011	LTL-based decentralized supervisory control of multi-robot tasks modelled as Petri nets	Bruno Lacerda, Pedro U Lima
285	2011	Luminescence amplification strategies integrated with microparticle and nanoparticle platforms.	Shengchao Zhu, Tobias Fischer, Wei Wan, Ana B Descalzo, Knut Rurack
286	2011	Luminescence enhancement from silica-coated gold nanoparticle agglomerates following multi-photon excitation.	Sviatlana Viarbitskaya, Linus Ryderfors, Therese Mikaelsson, Emad Mukhtar, Lennart B-Å Johansson
286	2011	Luminescence imaging of polymer solar cells: Visualization of progressing degradation	M Seeland, R Rösch, H Hoppe
286	2012	Luminescence of GaAs nanowires consisting of wurtzite and zinc-blende segments	U Jahn, J Lähnemann, C Pfüller, O Brandt, S Breuer, B Jenichen
287	2011	Luminescent chemical sensing, biosensing, and screening using upconverting nanoparticles.	Daniela E Achatz, Reham Ali, Otto S Wolfbeis
287	2011	Luminescent spectral splitting: Efficient spatial division of solar spectrum at low concentration	Brent Fisher, John Biddle
287	2011	Luminscent graphene quantum dots for organic photovoltaic devices.	Vinay Gupta, Neeraj Chaudhary, Ritu Srivastava, Gauri Datt Sharma, Ramil Bhardwaj, Suresh Chand
288	2011	Lumped-Element Fully Tunable Bandstop Filters for Cognitive Radio Applications	Yu-Chin Ou, Gabriel M Rebeiz
288	2011	Luneburg lens in silicon photonics.	Andrea Di Falco, Susanne C Kehr, Ulf Leonhardt
288	2011	LWPR-model based predictive force control for serial comanipulation in beating heart surgery	Juan Manuel Florez, Delphine Bellot, Guillaume Morel
289	2011	Lyapunov exponents and phase diagrams reveal multi-factorial control over TRAIL-induced apoptosis	Bree B Aldridge, Suzanne Gaudet, Douglas A Lauffenburger, Peter K Sorger
289	2011	Lying in the scanner: covert countermeasures disrupt deception detection by functional magnetic resonance imaging.	Giorgio Ganis, J Peter Rosenfeld, John Meixner, Rogier A Kievit, Haline E Schendan
289	2011	Lying Pose Recognition for Elderly Fall Detection	Simin Wang, Salim Zabir, Bastian Leibe
289	2012	Lymph node metastasis diagnosis using positron emission tomography with 2-[18F] fluoro-2-deoxy-D-glucose as a tracer and computed tomography in surgical cases of non-small cell lung cancer.	Naoko Ose, Noriyoshi Sawabata, Masato Minami, Masayoshi Inoue, Yasushi Shintani, Yoshihisa Kadota
289	2011	L_1Adaptive Control for Safety-Critical Systems	Naira Hovakimyan, Chengyu Cao, Evgeny Kharisov, Enric Xargay, Irene Gregory
