1	2011	T-cell-pre-stimulated monocytes promote neovascularisation in a murine hind limb ischaemia model.	A A Hellingman, J J Zwaginga, R T Van Beem, J F Hamming, W E Fibbe, P H A Quax
3	2011	Table of contents by tobic.	Understanding The, Periodic Table
3	2011	Table of contents, volume 155, number 1, january 2011.	The Pocketbook, Of Economic
3	2011	Table of contents, volume 155, number 2, february 2011.	Georg Hegel
3	2011	Table of contents, volume 155, number 8, august 2011.	Acknowledgments Preface Table, Part One, Unep Demonstration Project, Basic Concepts
3	2011	Table of contents, volume 155, number 9, september 2011.	Committee On, Agriculture Twenty-second Session, Policiesinstitutions To, Support Smallholder, Agriculture Table, Introduction II
3	2011	Table of contents, volume 78, february 2010.	J David Eisenberg
3	2011	Table of contents: november 2011 issue.	Sandia National Laboratories, Copyright Sandia, Corporation This, General Public
4	2011	Tabu search with path relinking for an integrated production–distribution problem	V A Armentano, A L Shiguemoto, A Løkketangen
5	2011	Tackling HIV through robust diagnostics in the developing world: current status and future opportunities.	Darash Desai, Grace Wu, Muhammad H Zaman
5	2011	Tactile and Haptic Illusions	Susan J Lederman, Lynette A Jones, Senior Member
6	2011	Tactile perception: Finger friction, surface roughness and perceived coarseness	Lisa Skedung, Katrin Danerlöv, Ulf Olofsson, Carl Michael Johannesson, Maiju Aikala, John Kettle
6	2011	Tactile sensing for dexterous in-hand manipulation in robotics—A review	Hanna Yousef, Mehdi Boukallel, Kaspar Althoefer
7	2011	Tactile web navigator device for blind and visually impaired people	Alaeldin A Ahmed, Mustafa A A Yasin, Sharief F Babiker
7	2011	TAFFEL: Independent Enrichment Analysis of gene sets	Mitja I Kurki, Jussi Paananen, Markus Storvik, Seppo Ylä-Herttuala, Juha E Jääskeläinen, Mikael Von Und Zu Fraunberg
8	2011	Tagging cortical networks in emotion: A topographical analysis.	Andreas Keil, Vincent Costa, J Carson Smith, Dean Sabatinelli, E Menton McGinnis, Margaret M Bradley
8	2011	Tagging the neuronal entrainment to beat and meter.	Sylvie Nozaradan, Isabelle Peretz, Marcus Missal, André Mouraux
8	2011	TagSense : A Smartphone-based Approach to Automatic Image Tagging	Chuan Qin, Xuan Bao
9	2012	Tail State-Assisted Charge Injection and Recombination at the Electron-Collecting Interface of P3HT:PCBM Bulk-Heterojunction Polymer Solar Cells	He Wang, Manas Shah, Venkat Ganesan, Michael L Chabinyc, Yueh-Lin Loo
9	2012	Tail-assisted pitch control in lizards, robots and dinosaurs	Thomas Libby, Talia Y Moore, Evan Chang-Siu, Deborah Li, Daniel J Cohen, Ardian Jusufi
9	2011	tailored nanofocus	Na Liu, Ming L Tang, Mario Hentschel, Harald Giessen, A Paul Alivisatos
9	2012	Tailoring Electrical Transport Across Grain Boundaries in Polycrystalline Graphene	A W Tsen, L Brown, M P Levendorf, F Ghahari, P Y Huang, R W Havener
9	2012	Tailoring fiber grating sensors for assessment of highly refractive fuels.	Marianne Sumie Kawano, Bárbara Rutyna Heidemann, Tárik Kaiel Machado Cardoso, Gustavo Rafael Collere Possetti, Ricardo Canute Kamikawachi, Marcia Muller
9	2011	Tailoring GaAs, InAs, and InGaAs Nanowires for Optoelectronic Device Applications	Hannah J Joyce, Qiang Gao, Jennifer Wong-Leung, Yong Kim, H Hoe Tan, Chennupati Jagadish
10	2011	Tailoring hot-exciton emission and lifetimes in semiconducting nanowires via whispering-gallery nanocavity plasmons.	Chang-Hee Cho, Carlos O Aspetti, Michael E Turk, James M Kikkawa, Sung-Wook Nam, Ritesh Agarwal
10	2012	Tailoring Light-Matter Interaction with a Nanoscale Plasmon Resonator	Nathalie De Leon, Brendan Shields, Chun Yu, Dirk Englund, Alexey Akimov, Mikhail Lukin
10	2011	Tailoring organic heterojunction interfaces in bilayer polymer photovoltaic devices.	Akira Tada, Yanfang Geng, Qingshuo Wei, Kazuhito Hashimoto, Keisuke Tajima
10	2011	Tailoring photonic metamaterial resonances for thermal radiation.	Peter Bermel, Michael Ghebrebrhan, Michael Harradon, Yi Xiang Yeng, Ivan Celanovic, John D Joannopoulos
10	2011	Tailoring repulsive optical forces in nanophotonic waveguides.	Ardavan Oskooi, Pedro A Favuzzi, Yoichi Kawakami, Susumu Noda
10	2011	Tailoring Sol − Gel-Derived Silica Materials for Optical Biosensing	Maria Rowena N Monton, Erica M Forsberg, John D Brennan
11	2012	Tailoring the graphene/silicon carbide interface for monolithic wafer-scale electronics	S Hertel, D Waldmann, J Jobst, A Albert, M Albrecht, S Reshanov
11	2011	Tailoring the photoluminescence of PbS-nanoparticles layers deposited by means of the pulsed laser ablation technique	I Ka, D Ma, M A El Khakani
11	2011	Tailoring thermal emission via Q matching of photonic crystal resonances	M Ghebrebrhan, P Bermel, Y Yeng, I Celanovic, M Soljačić, J Joannopoulos
11	2011	TakeoverTV: Facilitating the social negotiation of television content in public spaces	Greg T Elliott, David Carr, Henry Holtzman
12	2011	TAL nucleases (TALNs): hybrid proteins composed of TAL effectors and FokI DNA-cleavage domain	Ting Li, Sheng Huang, Wen Zhi Jiang, David Wright, Martin H Spalding, Donald P Weeks
13	2011	Taming Information-Stealing Smartphone Applications (on Android)	Yajin Zhou, Xinwen Zhang, Xuxian Jiang, Vincent W Freeh
13	2011	Taming the blackbody with infrared metamaterials as selective thermal emitters.	Xianliang Liu, Talmage Tyler, Tatiana Starr, Anthony F Starr, Nan Marie Jokerst, Willie J Padilla
13	2011	Tandem colloidal quantum dot solar cells employing a graded recombination layer	Xihua Wang, Ghada I Koleilat, Jiang Tang, Huan Liu, Illan J Kramer, Ratan Debnath
13	2012	Tandem fluorescent protein timers for in vivo analysis of protein dynamics.	Anton Khmelinskii, Philipp J Keller, Anna Bartosik, Matthias Meurer, Joseph D Barry, Balca R Mardin
15	2012	Tapered active-region, mid-infrared quantum cascade lasers for complete suppression of carrier-leakage currents	Dan Botez, Jae Cheol Shin, Jeremy D Kirch, Chun-Chieh Chang, Luke J Mawst, Thomas Earles
15	2012	Tapered gold-helix metamaterials as improved circular polarizers	Justyna K Gansel, Michael Latzel, Andreas Frölich, Johannes Kaschke, Michael Thiel, Martin Wegener
15	2011	Tapered plastic optical fiber-based biosensor--tests and application.	Carolina Beres, Fábio Vieira Batista De Nazaré, Nathália Correa Chagas De Souza, Marco Antônio Lemos Miguel, Marcelo Martins Werneck
16	2011	Tapping into the Vibe of the City Using VibN , a Continuous Sensing Application for Smartphones	Emiliano Miluzzo, Michela Papandrea, Nicholas D Lane, Andy M Sarroff, Silvia Giordano, Andrew T Campbell
16	2011	Tapping polyrhythms in music activates language areas.	Peter Vuust, Mikkel Wallentin, Kim Mouridsen, Leif Ostergaard, Andreas Roepstorff
16	2011	TapSense : Enhancing Finger Interaction on Touch Surfaces	Scott E Hudson
16	2012	Tarazu : Optimizing MapReduce On Heterogeneous Clusters	Faraz Ahmad, Srimat Chakradhar, Anand Raghunathan, T N Vijaykumar
17	2011	Target detection and quantification using a hybrid hand-held diffuse optical tomography and photoacoustic tomography system.	Patrick D Kumavor, Chen Xu, Andres Aguirre, John Gamelin, Yasaman Ardeshirpour, Behnoosh Tavakoli
17	2012	Target identification for stereotactic thalamotomy using diffusion tractography.	Zsigmond Tamás Kincses, Nikoletta Szabó, István Valálik, Zsolt Kopniczky, Lívia Dézsi, Péter Klivényi
17	2012	Target selection with hybrid feature for BCI-based 2-D cursor control.	Jinyi Long, Yuanqing Li, Tianyou Yu, Zhenghui Gu
18	2011	Target tracking with size estimation in wireless sensor networks	Jie Wang, Peng Cheng, Jiming Chen, Youxian Sun, Xuemin Sherman Shen
18	2011	Target-dependent Twitter Sentiment Classification	Long Jiang, Mo Yu, Ming Zhou, Xiaohua Liu, Tiejun Zhao
18	2011	Targeted analysis of nucleotide and copy number variation by exon capture in allotetraploid wheat genome	Cyrille Saintenac, Dayou Jiang, Eduard D Akhunov
19	2011	Targeted drug delivery to tumors: myths, reality and possibility.	You Han Bae, Kinam Park
19	2011	Targeted proteomics for metabolic pathway optimization: application to terpene production.	Alyssa M Redding-Johanson, Tanveer S Batth, Rossana Chan, Rachel Krupa, Heather L Szmidt, Paul D Adams
20	2011	Targeted therapy in GIST: in silico modeling for prediction of resistance.	Marco A Pierotti, Elena Tamborini, Tiziana Negri, Sabrina Pricl, Silvana Pilotti
20	2012	Targeting apoptosis for optical imaging of infection.	Mathew L Thakur, Kaijun Zhang, Bishnuhari Paudyal, Devadhas Devakumar, Maria Y Covarrubias, Changpo Cheng
20	2011	Targeting cancer metabolism: a therapeutic window opens.	Matthew G Vander Heiden
20	2012	Targeting glucose metabolism for cancer therapy.	Robert B Hamanaka, Navdeep S Chandel
20	2011	Targeting intracellular oncoproteins with antibody therapy or vaccination.	Ke Guo, Jie Li, Jing Ping Tang, Cheng Peow Bobby Tan, Cheng William Hong, Abdul Qader O Al-Aidaroos
22	2011	TASK FORCE SMART GRIDS EXPERT GROUP 2 : REGULATORY RECOMMENDATIONS FOR DATA SAFETY , DATA HANDLING AND DATA PROTECTION REPORT	 European Commission
22	2011	Task Matching in Crowdsourcing	Man-Ching Yuen, Irwin King, Kwong-Sak Leung
23	2012	Task reward structure shapes rapid receptive field plasticity in auditory cortex	Stephen V David, Jonathan B Fritz, Shihab A Shamma
23	2012	Task Routing for Prediction Tasks	Haoqi Zhang, Eric Horvitz, Yiling Chen, David C Parkes
23	2011	Task Space Retrieval Using Inverse Feedback Control	Nikolay Jetchev, Marc Toussaint
24	2011	Task-aware variations in robot motion	Michael J Gielniak, C Karen Liu, Andrea L Thomaz
24	2011	Task-based performance analysis of FBP, SART and ML for digital breast tomosynthesis using signal CNR and Channelised Hotelling Observers.	Dominique Van De Sompel, Sir Michael Brady, John Boone
24	2011	Task-dependent impedance improves user performance with a virtual prosthetic arm	Amy Blank, Allison M Okamura, Louis L Whitcomb
25	2011	Task-specific activity and connectivity within the mentalizing network during emotion and intention mentalizing.	Bijoy Atique, Michael Erb, Alireza Gharabaghi, Wolfgang Grodd, Silke Anders
26	2011	Tasting Families of Features for Image Classification	Charles Dubout, Francois Fleuret
26	2011	Taxonomic and geographic patterns of decline for threatened and endangered species in the United States.	Allison K Leidner, Maile C Neel
27	2011	TCLUST: a fast method for clustering genome-scale expression data.	Banu Dost, Chunlei Wu, Andrew Su, Vineet Bafna
27	2011	TCP Extensions for Multipath Operation with Multiple Addresses	Alan Ford, Costin Raiciu, Mark Handley, Olivier Bonaventure
28	2011	TCP Relentless Congestion Control Model	Rémi Diana, Emmanuel Lochin
28	2011	TD-LTE Network Deployment Evolution in a Metropolitan Scenario	ZhuYan Zhao, Jian Wang, Hao Guan, P E Mogensen, GuangYi Liu, XiaoDong Shen
29	2012	tDCS-Induced Analgesia and Electrical Fields in Pain-Related Neural Networks in Chronic Migraine.	Alexandre F Dasilva, Mariana E Mendonca, Soroush Zaghi, Mariana Lopes, Marcos Fabio Dossantos, Egilius L Spierings
29	2011	TDM/DWDM PON extender for 10 Gbit/s downstream transmission	Quang Trung Le, Fabienne Saliou, Rui Xia, Philippe Chanclou, Tuomo Von Lerber, Ari Tervonen
29	2011	TDOA Estimation for Multiple Sound Sources in Noisy and Reverberant Environments Using Broadband Independent Component Analysis	Anthony Lombard, Yuanhang Zheng, Herbert Buchner, Walter Kellermann
30	2011	Teacher Performance Pay : Experimental Evidence from India	Karthik Muralidharan, Venkatesh Sundararaman
30	2012	Teaching 3D Geometry to Deformable Part Models	Bojan Pepik, Michael Stark, Peter Gehler
30	2011	Teaching a Global Project Course : Experiences and Lessons Learned	Peter Gloor, Maria Paasivaara, Casper Lassenius, Detlef Schoder, Kai Fischbach, Christine Miller
30	2011	Teaching Behavioral Modeling and Simulation Techniques for Power Electronics Courses	Alexander Abramovitz
31	2011	Teaching Distributed Software Engineering with UCOSP : The Undergraduate Capstone Open-Source Project	Eleni Stroulia, Ken Bauer, Michelle Craig, Karen Reid, Greg Wilson
31	2011	Teaching Natural User Interaction Using OpenNI and the Microsoft Kinect Sensor	Norman Villaroman, Dale Rowe, D Ph, Bret Swan
31	2011	Teaching nutrition integration: MUST screening in cancer.	Carolina Boléo-Tomé, Mariana Chaves, Isabel Monteiro-Grillo, Maria Camilo, Paula Ravasco
31	2012	Teaching Operating Systems Using Android	Jeremy Andrus, Jason Nieh
32	2011	Teaching Software Engineering using Globally Distributed Projects : The DOSE Course	E T H Zurich, Martin Nordio, Politecnico Milano, Elisabetta Di Nitto, Giordano Tamburrelli, Carlo Ghezzi
32	2011	Teaching Software Project Management through Management Antipatterns	Ioannis Stamelos, Dimitrios Settas, Despoina Mallini
32	2011	Teaching UML using umple: Applying model-oriented programming in the classroom	Timothy C Lethbridge, Gunter Mussbacher, Andrew Forward, Omar Badreddin
33	2011	Team Knowledge Research: Emerging Trends and Critical Needs	J L Wildman, A L Thayer, D Pavlas, E Salas, J E Stewart, W R Howse
34	2011	Tech mining: Text mining and visualization tools, as applied to nanoenhanced solar cells	Alan L Porter, Ying Guo, Denise Chiavatta
34	2011	Technical and regulatory challenges for the integration of electric vehicles into the energy system	O Warweg, F Schaller, S Ritter, P Bretschneider
35	2011	Technical data evaluation of a palliative care web-based documentation system.	Tobias Hartz, René Brüntrup, Frank Uckert
35	2011	Technical Debt from the Stakeholder Perspective	Ted Theodoropoulos, Lincoln Street, Mark Hofberg, S Church Street
36	2011	Technical note on the validation of a semi-automated image analysis software application for estrogen and progesterone receptor detection in breast cancer	László Krecsák, Tamás Micsik, Gábor Kiszler, Tibor Krenács, Dániel Szabó, Viktor Jónás
37	2011	Technical note: Adjustment of traditional cow evaluations to improve accuracy of genomic predictions.	G R Wiggans, T A Cooper, P M Vanraden, J B Cole
37	2011	Technical note: Correlation of respiratory motion between external patient surface and internal anatomical landmarks.	Hadi Fayad, Tinsu Pan, Jean François Clement, Dimitris Visvikis
37	2011	Technical note: Use of near-infrared reflectance spectroscopy to predict intake and digestibility in bulls and steers.	G B Huntington, E S Leonard, J C Burns
37	2011	Technical report : An Estimate of Infringing Use of the Internet	Betjeman House
38	2011	Technical Report--Diagnosis and Management of an Initial UTI in Febrile Infants and Young Children.	S Maria E Finnell, Aaron E Carroll, Stephen M Downs
38	2011	Technical standards and guidelines for Huntington disease testing.	Thomas W Prior, Narasimhan Nagan, Elaine A Sugarman, Sat Dev Batish, Corey Braastad
39	2011	Technique for fabricating complex structured fibers by rolling of glass preforms	Zheng Gang Lian, John A Tucknott, Nicholas White, Limin Xiao, Xian Feng, David N Payne
40	2011	Techniques for improving cellular radio base station energy efficiency	Steve Mclaughlin, Peter Grant, John Thompson, Harald Haas, David Laurenson, Chadi Khirallah
41	2012	Techniques in Carrier Recovery for Optical Coherent Systems	Kuang-tsan Wu, Han Sun
42	2011	Technische Mechanik	Dietmar Gross, Werner Hauger, Jörg Schröder, Wolfgang A Wall
42	2011	Techno-economic analysis of a wind–solar hybrid renewable energy system with rainwater collection feature for urban high-rise application	W T Chong, M S Naghavi, S C Poh, T M I Mahlia, K C Pan
42	2012	Techno-economic feasibility analysis of stand-alone renewable energy systems (PV/bat, wind/bat and hybrid PV/wind/bat) in Kerman, Iran	I Baniasad Askari, M Ameri
43	2011	Technological adjuncts to enhance current psychotherapy practices: a review.	Bonnie A Clough, Leanne M Casey
43	2011	Technological advances in electrospinning of nanofibers	Wee-Eong Teo, Ryuji Inai, Seeram Ramakrishna
43	2011	Technological biology? Things and kinds in synthetic biology	Pablo Schyfter
44	2012	Technologies and combination therapies for enhancing movement training for people with a disability	David J Reinkensmeyer, Michael L Boninger
45	2011	Technology and architecture to enable the explosive growth of the internet	Adel Saleh, Jane Simmons
46	2011	Technology Assessment of Through-Silicon Via by Using CV and Ct Measurements	Guruprasad Katti, Michele Stucchi, Dimitrios Velenis, Sarasvathi Thangaraju, Kristin De Meyer, Wim Dehaene
48	2011	Technology ready use of single layer graphene as a transparent electrode for hybrid photovoltaic devices	Zhibing Wang, Conor P Puls, Neal E Staley, Yu Zhang, Aaron Todd, Jian Xu
48	2011	Technology Roadmap - Electric and plug-in hybrid electric vehicles	 Iea
48	2011	Technology Roadmap: Smart Grids	Nobuo Tanaka
48	2011	Technology roadmapping for technology-based product–service integration: A case study	Youngjung Geum, Sungjoo Lee, Daekook Kang, Yongtae Park
50	2011	Telecom hybrid power battery management in full and partial state of charge	Gery Bonduelle, Wayne Coldrick, Mick Pope
52	2012	Telemetric assessment of bone healing with an instrumented internal fixator: A preliminary study.	K Seide, M Aljudaibi, N Weinrich, B Kowald, C Jürgens, J Müller
52	2011	Telemonitoring in patients with heart failure.	Sarwat I Chaudhry, Jennifer A Mattera, Jeptha P Curtis, John A Spertus, Jeph Herrin, Zhenqiu Lin
53	2011	Teleportation of nonclassical wave packets of light.	Noriyuki Lee, Hugo Benichi, Yuishi Takeno, Shuntaro Takeda, James Webb, Elanor Huntington
53	2011	Telerehabilitation in stroke care--a systematic review.	Tim Johansson, Claudia Wild
54	2011	Televisions , Video Privacy , and Powerline Electromagnetic Interference	Miro Enev, Sidhant Gupta, Tadayoshi Kohno, Shwetak N Patel
55	2011	Temperature and nonlinearity corrections for a photodiode array spectrometer used in the field.	Saber G R Salim, Nigel P Fox, Evangelos Theocharous, Tong Sun, Kenneth T V Grattan
58	2011	Temperature dependence of open-circuit voltage and recombination processes in polymer–fullerene based solar cells	Anil K Thakur, Guillaume Wantz, Germà Garcia-Belmonte, Juan Bisquert, Lionel Hirsch
59	2011	Temperature Dependence of Protein Folding Deduced from Quantum Transition	Liaofu Luo, Jun Lu
60	2012	Temperature dependence of the optoacoustic transformation efficiency in ex vivo tissues for application in monitoring thermal therapies	Sergey M Nikitin, Tatiana D Khokhlova, Ivan M Pelivanov
61	2011	Temperature dependency in performance of solid state lighting drivers	S Tarashioon, S W Koh, W D Van Driel, G Q Zhang
62	2011	Temperature distribution descriptor for robust 3D shape retrieval	Yi Fang, Mengtian Sun, Karthik Ramani
62	2011	Temperature effects on power MOSFET and IGBT sensitivities toward single events	S Morand, F Miller, P Austin, P Poirot, R Gaillard, T Carriere
63	2011	Temperature insensitive and ultra wideband silica-based dual polarization optical hybrid for coherent receiver with highly symmetrical interferometer design	Yusuke Nasu, Takayuki Mizuno, Ryoichi Kasahara, Takashi Saida
63	2011	Temperature insensitive optical alignment of the exciton in nanowire embedded GaN Quantum Dots	A Balocchi, J Renard, C T Nguyen, B Gayral, T Amand, H Mariette
65	2011	Temperature-dependence of the internal efficiency droop in GaN-based diodes	J Hader, J V Moloney, S W Koch
66	2011	Temperature-Dependent Modeling and Characterization of Through-Silicon Via Capacitance	Guruprasad Katti, Michele Stucchi, Dimitrios Velenis, Bart Sorée, Kristin De Meyer, Wim Dehaene
66	2012	Temperature-dependent nonradiative recombination processes in GaN-based nanowire white-light-emitting diodes on silicon	Hieu Pham Trung Nguyen, Mehrdad Djavid, Kai Cui, Zetian Mi
66	2011	Temperature-Dependent Photoluminescence Imaging and Characterization of a Multi-Crystalline Silicon Solar Cell Defect Area Preprint	Steve Johnston, Fei Yan, Jian Li, Manuel J Romero, Mowafak Al-jassim, Katherine Zaunbrecher
66	2011	Temperature-dependent quantum efficiency analysis of graded-gap Cu(In,Ga)Se2 solar cells	M Troviano, K Taretto
69	2011	Template-directed synthesis of ordered single-crystalline nanowires arrays of Cu2ZnSnS4 and Cu2ZnSnSe4.	Liang Shi, Congjian Pei, Yeming Xu, Quan Li
69	2011	Template-free synthesis of hierarchical TiO2 structures and their application in dye-sensitized solar cells.	Fang Shao, Jing Sun, Lian Gao, Songwang Yang, Jianqiang Luo
70	2011	Templated synthesis of metal nanorods in silica nanotubes.	Chuanbo Gao, Qiao Zhang, Zhenda Lu, Yadong Yin
70	2011	Tempo Detection Using a Hybrid Multiband Approach	Mikel Gainza, Eugene Coyle
71	2011	Temporal and Spatial Evolution of Brain Network Topology during the First Two Years of Life	Wei Gao, John H Gilmore, Kelly S Giovanello, Jeffery Keith Smith, Dinggang Shen, Hongtu Zhu
73	2011	Temporal coding of odor mixtures in an olfactory receptor neuron.	Chih-Ying Su, Carlotta Martelli, Thierry Emonet, John R Carlson
73	2011	Temporal coherence and attention in auditory scene analysis.	Shihab A Shamma, Mounya Elhilali, Christophe Micheyl
74	2011	Temporal course of executive control when lying about self- and other-referential information: an ERP study.	Xiaoqing Hu, Haiyan Wu, Genyue Fu
74	2011	Temporal course of position shift for a peripheral target.	Yuki Yamada, Kayo Miura, Takahiro Kawabe
75	2011	Temporal domain adaptation under time warping	Francois Petitjean, Jordi Inglada, Pierre Gancarski
75	2011	Temporal dynamics and spatial specificity of arterial and venous blood volume changes during visual stimulation: implication for BOLD quantification.	Tae Kim, Seong-Gi Kim
76	2011	Temporal dynamics of reward processing revealed by magnetoencephalography.	Nuria Doñamayor, Josep Marco-Pallarés, Marcus Heldmann, M Ariel Schoenfeld, Thomas F Münte
76	2011	Temporal Evolution of the Ion Fluxes for Various Elements in HIPIMS Plasma Discharge	Ante Hecimovic, Arutiun P Ehiasarian
78	2011	Temporal Link Signature Measurements for Location Distinction	Neal Patwari, Sneha K Kasera
78	2011	Temporal Networks	Petter Holme, Jari Saramäki
79	2011	Temporal nonlinear dimensionality reduction	Mike Gashler, Tony Martinez
79	2011	Temporal precision in the visual pathway through the interplay of excitation and stimulus-driven suppression.	Daniel A Butts, Chong Weng, Jianzhong Jin, Jose-Manuel Alonso, Liam Paninski
79	2011	Temporal regularity effects on pre-attentive and attentive processing of deviance.	Michael Schwartze, Kathrin Rothermich, Maren Schmidt-Kassow, Sonja A Kotz
80	2011	Temporal SNR characteristics in segmented 3D-EPI at 7T.	W Van Der Zwaag, J P Marques, T Kober, G Glover, R Gruetter, G Krueger
81	2011	Temporal Visualization of Social Network Dynamics : Prototypes for Nation of Neighbors	Jae-wook Ahn, Meirav Taieb-maimon, Awalin Sopan
81	2011	Temporally Varying Distortions	Charles D Creusere, Senior Member, Joseph C Hardin
82	2012	Temporally-independent functional modes of spontaneous brain activity.	Stephen M Smith, Karla L Miller, Steen Moeller, Junqian Xu, Edward J Auerbach, Mark W Woolrich
82	2011	Ten Gbit / s ring resonator silicon modulator based on interdigitated PN junctions	Melissa Ziebell, Delphine Marris-Morini, Gilles Rasigade, Paul Crozat, Jean-Marc Fédéli, Philippe Grosse
82	2012	Ten ironic rules for non-statistical reviewers.	K Friston
83	2011	Ten Simple Rules for Providing a Scientific Web Resource	Sebastian J Schultheiss
84	2011	Tensions of network security and collaborative work practice: understanding a single sign-on deployment in a regional hospital.	Rosa R Heckle, Wayne G Lutters
85	2012	Tensor learning for regression.	Weiwei Guo, Irene Kotsia, Ioannis Patras
85	2011	Tensor-based Total Bregman Divergences between Graphs	Francisco Escolano, Meizhu Liu, Edwin R Hancock
85	2011	tÉÖÉ = òìê = NMM = B = ÉêåÉìÉêÄ ~ êÉå = p	Christian Calliess, Freie Universität Berlin
85	2012	Terabit / s Optical Superchannel with Flexible Modulation Format for Dynamic Distance / Route Transmission	Yue-kai Huang, Ezra Ip, Philip N Ji, Yin Shao, Ting Wang
85	2012	Terabit free-space data transmission employing orbital angular momentum multiplexing	Jian Wang, Jeng-yuan Yang, Irfan M Fazal, Nisar Ahmed, Yan Yan, Hao Huang
86	2012	Terahertz bandpass filters using double-stacked metamaterial layers	Yanhan Zhu, Subash Vegesna, Vladimir Kuryatkov, Mark Holtz, Mohammad Saed, Ayrton A Bernussi
86	2011	Terahertz Characterization of Dielectric Substrates for Component Design and Nondestructive Evaluation of Packages	Jose A Hejase, Pavel R Paladhi, Premjeet Prem Chahal
86	2012	Terahertz collisions	John N Weinstein
87	2011	Terahertz digital holography using angular spectrum and dual wavelength reconstruction methods.	Martin S Heimbeck, Myung K Kim, Don A Gregory, Henry O Everitt
87	2011	Terahertz imaging and spectroscopy of large-area single-layer graphene	J L Tomaino, A D Jameson, J W Kevek, M J Paul, A M Van Der Zande, R A Barton
88	2011	Terahertz lenses made by compression molding of micropowders.	Benedikt Scherger, Maik Scheller, Christian Jansen, Martin Koch, Karin Wiesauer
89	2011	Terahertz metamaterials: Recent developments and new opportunities	Richard D Averitt
89	2011	Terahertz Near-Field Microscope: Analysis and Measurements of Scattering Signals	Kiwon Moon, Euna Jung, Meehyun Lim, Youngwoong Do, Haewook Han
89	2011	Terahertz near-field microscopy of complementary planar metamaterials: Babinet's principle.	Andreas Bitzer, Alex Ortner, Hannes Merbold, Thomas Feurer, Markus Walther
89	2011	Terahertz notch and low-pass filters based on band gaps properties by using metal slits in tapered parallel-plate waveguides.	Eui Su Lee, Sun-Goo Lee, Chul-Sik Kee, Tae-In Jeon
91	2011	Terahertz quantum-cascade laser with active leaky-wave antenna	Amir A Tavallaee, Benjamin S Williams, Philip W C Hon, Tatsuo Itoh, Qi-sheng Chen
91	2011	Terahertz radiation driven chiral edge currents in graphene	J Karch, C Drexler, P Olbrich, M Fehrenbacher, M Hirmer, M M Glazov
91	2012	Terahertz scattering by dense media	Mayank Kaushik, Brian W H Ng, Bernd M Fischer, Derek Abbott
91	2012	Terahertz scattering by granular composite materials: An effective medium theory	Mayank Kaushik, Brian W H Ng, Bernd M Fischer, Derek Abbott
91	2011	Terahertz sensing in corneal tissues.	David B Bennett, Zachary D Taylor, Pria Tewari, Rahul S Singh, Martin O Culjat, Warren S Grundfest
91	2011	Terahertz sources.	Pavel Shumyatsky, Robert R Alfano
92	2011	Terahertz spectroscopy and imaging - Modern techniques and applications	P U Jepsen, D G Cooke, M Koch
92	2011	Terahertz spectroscopy of Ni-Ti alloy thin films	A D Jameson, J L Tomaino, J W Kevek, M J Paul, M Hemphill-Johnston, J Ong
92	2011	Terahertz spectroscopy.	Jason B Baxter, Glenn W Guglietta
93	2012	Terahertz time-domain spectroscopy of biological tissues	Won Jong Choi
93	2011	Terahertz time-domain spectroscopy of gases, liquids, and solids.	Michael Theuer, Srikantaiah Sree Harsha, Daniel Molter, Garik Torosyan, René Beigang
93	2012	Terahertz tomography using quantum-cascade lasers	Alan Wei Min Lee, Tsung-Yu Kao, David Burghoff, Qing Hu, John L Reno
93	2011	Terahertz Wave Air Photonics: Terahertz Wave Generation and Detection With Laser-Induced Gas Plasma	Jianming Dai, Jingle Liu, Xi-Cheng Zhang
94	2012	Terahertz-field-induced insulator-to-metal transition in vanadium dioxide metamaterial	Mengkun Liu, Harold Y Hwang, Hu Tao, Andrew C Strikwerda, Kebin Fan, George R Keiser
96	2011	Terrestrial neutron-induced single-event burnout in SiC power diodes	Hiroaki Asai, Kenji Sugimoto, Isamu Nashiyama, Yoshiya Iide, Kensuke Shiba, Mieko Matsuda
96	2011	TERSE: A Unified End-to-End Traffic Control Mechanism to Enable Elastic, Delay Adaptive, and Rate Adaptive Services	Lei Ye, Zhijun Wang, Hao Che, Constantino M Lagoa
96	2011	TESPI: Thermal Electric Solar Panel Integration	M Rosa-Clot, P Rosa-Clot, G M Tina
97	2011	Test Data to Reduce the Complexity of Unit Test Automation	Guy Collins Ndem, Abbas Tahir, Andreas Ulrich, Helmut Goetz, Munich Germany
99	2011	Test-retest assessment of independent component analysis-derived resting-state functional connectivity based on functional near-infrared spectroscopy.	Han Zhang, Lian Duan, Yu-Jin Zhang, Chun-Ming Lu, Hanli Liu, Chao-Zhe Zhu
99	2012	Test-retest reliability and feature selection in physiological time series classification.	Steinn Gudmundsson, Thomas Philip Runarsson, Sven Sigurdsson
99	2011	Test-retest reliability of arterial spin labeling with common labeling strategies.	Yufen Chen, Danny J J Wang, John A Detre
99	2011	Test-retest reliability of resting-state connectivity network characteristics using fMRI and graph theoretical measures	Urs Braun, Michael M Plichta, Christine Esslinger, Carina Sauer, Leila Haddad, Oliver Grimm
99	2011	Testability of Cryptographic Hardware and Detection of Hardware Trojans	Debdeep Mukhopadhyay, Rajat Subhra Chakraborty
100	2011	Testbed federation: An approach for experimentation-driven research in cognitive radios and cognitive networking	Alejandro Sanchez, Ingrid Moerman, Stefan Bouckaert, Daniel Willkomm, Jan Hauer, Nicola Michailow
100	2011	Testing and modeling of lithium-ion ultracapacitors	Emad Manla, Goran Mandic, Adel Nasiri
100	2011	Testing balance and fall risk in persons with Parkinson disease, an argument for ecologically valid testing.	K B Foreman, O Addison, H S Kim, L E Dibble
101	2011	Testing dynamical models of vision.	Johannes Rüter, Gregory Francis, Patricia Frehe, Michael H Herzog
101	2011	Testing for spatial heterogeneity in functional MRI using the multivariate general linear model	Robert Leech, Dennis Leech
103	2011	Testing the ICA mixing matrix based on inter-subject or inter-session consistency.	Aapo Hyvärinen
103	2011	Testing the nullspace property using semidefinite programming	Alexandre d'Aspremont, Laurent El Ghaoui
104	2011	Tet1 and Tet2 regulate 5-hydroxymethylcytosine production and cell lineage specification in mouse embryonic stem cells.	Kian Peng Koh, Akiko Yabuuchi, Sridhar Rao, Yun Huang, Kerrianne Cunniff, Julie Nardone
104	2011	Tet1 is dispensable for maintaining pluripotency and its loss is compatible with embryonic and postnatal development.	Meelad M Dawlaty, Kibibi Ganz, Benjamin E Powell, Yueh-Chiang Hu, Styliani Markoulaki, Albert W Cheng
104	2011	TET2 inactivation results in pleiotropic hematopoietic abnormalities in mouse and is a recurrent event during human lymphomagenesis.	Cyril Quivoron, Lucile Couronné, Véronique Della Valle, Cécile K Lopez, Isabelle Plo, Orianne Wagner-Ballon
104	2011	Tethered bilayer lipid micromembranes for single-channel recording: the role of adsorbed and partially fused lipid vesicles.	Lucia Becucci, Massimo D'Amico, Serena Cinotti, Salvatore Daniele, Rolando Guidelli
105	2011	Text Detection and Character Recognition in Scene Images with Unsupervised Feature Learning	Adam Coates, Blake Carpenter, Carl Case, Sanjeev Satheesh, Bipin Suresh, Tao Wang
105	2011	Text detection and recognition in urban scenes	R Minetto, N Thome, M Cord, J Stolfi, F Precioso, J Guyomard
106	2011	Text From Corners: A Novel Approach to Detect Text and Caption in Videos	Xu Zhao, Kai-Hsiang Lin, Yun Fu, Yuxiao Hu, Yuncai Liu, Thomas S Huang
107	2011	Text string detection from natural scenes by structure-based partition and grouping.	Chucai Yi, YingLi Tian
107	2011	Text-based image retrieval using progressive multi-instance learning	Wen Li, Lixin Duan, Dong Xu, Ivor Wai-Hung Tsang
108	2012	Textual resource acquisition and engineering	N Schlaefer
108	2011	Textural kinetics: a novel dynamic contrast-enhanced (DCE)-MRI feature for breast lesion classification.	Shannon C Agner, Salil Soman, Edward Libfeld, Margie McDonald, Kathleen Thomas, Sarah Englander
109	2011	Texture Classification from Random Features.	Li Liu, Paul Fieguth
111	2011	Texture segmentation: do the processing units on the saliency map increase with eccentricity?	Ursula Schade, Cristina Meinecke
111	2011	Texture-less object tracking with online training using an RGB-D camera	Youngmin Park, Vincent Lepetit, Woontack Woo
112	2011	TGF-β regulates isoform switching of FGF receptors and epithelial–mesenchymal transition	Takuya Shirakihara, Kana Horiguchi, Keiji Miyazawa, Shogo Ehata, Tatsuhiro Shibata, Ikuo Morita
112	2011	Thalamic interneurons and relay cells use complementary synaptic mechanisms for visual processing.	Xin Wang, Vishal Vaingankar, Cristina Soto Sanchez, Friedrich T Sommer, Judith A Hirsch
112	2011	Thalamic pathways for active vision.	Robert H Wurtz, Kerry McAlonan, James Cavanaugh, Rebecca A Berman
112	2011	Thalamic Resting-State Functional Networks : Disruption in Patients with Mild Traumatic Brain Methods : Results	Lin Tang, Yulin Ge, Daniel K Sodickson, Laura Miles, Yongxia Zhou, Joseph Reaume
113	2011	Thalamus segmentation based on the local diffusion direction: A group study.	Sarah C Mang, Ania Busza, Susanne Reiterer, Wolfgang Grodd, And Uwe Klose
113	2011	Thank you for using the University at Albany ’ s Interlibrary Loan Service	Baofu Nie, Tegu Chen, Meitao Liang, Youqiang Wang, Jinliang Zhong, Yuanzhi Zhu
113	2011	The "biosecuritization" of healthcare delivery: examples of post-9/11 technological imperatives.	Jill A Fisher, Torin Monahan
116	2011	The 2011 magnitude 9.0 Tohoku-Oki earthquake: mosaicking the megathrust from seconds to centuries.	Mark Simons, Sarah E Minson, Anthony Sladen, Francisco Ortega, Junle Jiang, Susan E Owen
116	2011	The 3D Hough Transform for Plane Detection in Point Clouds : A Review and a new Accumulator Design	Dorit Borrmann, Jan Elseberg, Kai Lingemann, Andreas Nüchter
117	2011	The 62 nd Annual Meeting of the International Society of Electrochemistry Electrochemical Frontiers in	Global Environment
118	2011	The ABC's of medical statistics. Reading and understanding clinical trials	J Labenz, C U Kunz
118	2011	The acceptance and use of computer based assessment	Vasileios Terzis, Anastasios A Economides
118	2011	The accumulation of neurotoxic proteins, induced by proteasome inhibition, is reverted by trehalose, an enhancer of autophagy, in human neuroblastoma cells.	M J Casarejos, R M Solano, A Gómez, J Perucho, J G De Yébenes, M A Mena
118	2011	THE ACCURACY OF AUTOMATIC PHOTOGRAMMETRIC TECHNIQUES ON ULTRA-LIGHT UAV IMAGERY	O Küng, C Strecha, A Beyeler, J C Zufferey, D Floreano, P Fua
119	2011	The actinobacterium Microbacterium sp. 16SH accepts pBBR1-based pPROBE vectors, forms biofilms, invades roots, and fixes N(2) associated with micropropagated sugarcane plants.	Li Lin, Wei Guo, Yongxiu Xing, Xincheng Zhang, Zhengyi Li, Chunjin Hu
120	2011	The acute effect of different frequencies of whole-body vibration on countermovement jump performance.	Nicole C Dabbs, Colleen X Muñoz, Tai T Tran, Lee E Brown, Martim Bottaro
122	2011	The Adoption of Online Shopping Assistants: Perceived Similarity as an Antecedent to Evaluative Beliefs	Sameh Al-Natour, Izak Benbasat, Ron Cenfetelli
122	2011	The adult mouse and human pancreas contain rare multipotent stem cells that express insulin.	Simon R Smukler, Margot E Arntfield, Rozita Razavi, George Bikopoulos, Phillip Karpowicz, Raewyn Seaberg
124	2011	The agent-based simulation of inventory-based model's impact on market maker trading mechanism	Yi Wang, Hongtao Zhou, Wei Zeng
124	2011	The AHA! experience: creativity through emergent binding in neural networks.	Paul Thagard, Terrence C Stewart
125	2011	The All Relevant Feature Selection using Random Forest	Miron B Kursa, Witold R Rudnicki
126	2012	The Alzheimer's Disease Neuroimaging Initiative: A review of papers published since its inception.	Michael W Weiner, Dallas P Veitch, Paul S Aisen, Laurel A Beckett, Nigel J Cairns, Robert C Green
126	2011	THE AMERICAN	Chicago Press
126	2012	The amplitude and timing of the BOLD signal reflects the relationship between local field potential power at different frequencies	C Magri, U Schridde, Y Murayama, S Panzeri, N K Logothetis
127	2011	The amygdala and decision-making.	Rupa Gupta, Timothy R Koscik, Antoine Bechara, Daniel Tranel
128	2011	The analysis on photovoltaic electricity generation status, potential and policies of the leading countries in solar energy	Furkan Dinçer
128	2011	The analysis on wind energy electricity generation status, potential and policies in the world	Furkan Dincer
129	2012	The animal and human neuroendocrinology of social cognition, motivation and behavior.	Cade McCall, Tania Singer
129	2012	The Animat: new frontiers in whole brain modeling	Heather Ames, Ennio Mingolla, Aisha Sohail, Benjamin Chandler, Anatoli Gorchetchnikov, Jasmin Leveille
131	2011	The Applicability of Ultrasound Dynamic Receive Beamformers to Photoacoustic Imaging	Tyler Harrison, Roger Zemp
131	2011	The application of 3D representations in face recognition.	Adrian Schwaninger, Jisien Yang
131	2011	The application of a real-time rapid-prototyping environment for the behavioral rehabilitation of a lost brain function in rats	R Pruckl, E Grunbacher, R Ortner, A H Taub, R Hogri, A Magal
132	2011	The application of data mining technology on the enterprise' CRM	Dong Sheng Wu
132	2012	The application of graphene as electrodes in electrical and optical devices	Gunho Jo, Minhyeok Choe, Sangchul Lee, Woojin Park, Yung Ho Kahng, Takhee Lee
132	2011	The Application of High-Resolution Spectral Analysis for Identifying Multiple Combined Faults in Induction Motors	Arturo Garcia-Perez, Rene De Jesus Romero-Troncoso, Eduardo Cabal-Yepez, Roque Alfredo Osornio-Rios
132	2011	The application of Hilbert-Huang transform in the analysis of muscle fatigue during cyclic dynamic contractions.	Vedran Srhoj-Egekher, Mario Cifrek, Vladimir Medved
134	2011	The application of soft-switching and frequency synchronization technologies in electromagnetic heater design	Tao Liu, Ning Li, Zhen Lv, Ce Li, Long Ju, Jing-ming Liu
134	2011	The Application of Stolen Radioactive Source Tracking System Based on Internet of Things Technology	Zhang Liying, Wang Xianwei, Wang Chaoqun, Gu Xuehui
134	2011	The applications of WiFi-based Wireless Sensor Network in Internet of Things and Smart Grid	Li Li, Hu Xiaoguang, Chen Ke, He Ketai
135	2011	The Argon AR Web Browser and standards-based AR application environment	Blair MacIntyre, Alex Hill, Hafez Rouzati, Maribeth Gandy, Brian Davidson
135	2011	The Arlab and Cave libraries: On authoring augmented reality and virtual reality experiences using a graphical programming language	Andrew Roth
135	2011	The Armeo Spring as training tool to improve upper limb functionality in multiple sclerosis: a pilot study	Domien Gijbels, Ilse Lamers, Lore Kerkhofs, Geert Alders, Els Knippenberg, Peter Feys
135	2012	The Aromatase Gene CYP19A1: Several Genetic and Functional Lines of Evidence Supporting a Role in Reading, Speech and Language.	Heidi Anthoni, Lara E Sucheston, Barbara A Lewis, Isabel Tapia-Páez, Xiaotang Fan, Marco Zucchelli
135	2011	The ARPA-MT Embedded SMT Processor and Its RTOS Hardware Accelerator	Arnaldo S R Oliveira, Lu X ED S Almeida, Ant X F Nio De Brito Ferrari
135	2011	The art and science of multi-scale citizen science support	Greg Newman, Jim Graham, Alycia Crall, Melinda Laituri
136	2011	The art of war	I Beckett
137	2011	The assessment of olivocochlear function in neonates with real-time distortion product otoacoustic emissions.	Adrian L James
137	2011	The association between microvascular and macrovascular endothelial function in patients with rheumatoid arthritis: a cross-sectional study.	Aamer Sandoo, Douglas Carroll, George S Metsios, George D Kitas, Jet Jcs Veldhuijzen Van Zanten
137	2012	The Association between Resting Functional Connectivity and Creativity.	Hikaru Takeuchi, Yasuyuki Taki, Hiroshi Hashizume, Yuko Sassa, Tomomi Nagase, Rui Nouchi
139	2012	The Attention System of the Human Brain: 20 Years After.	Steven E Petersen, Michael I Posner
139	2011	The Attentive Co-Pilot: Towards a Proactive Biologically-Inspired Advanced Driver Assistance System	Thomas Michalke, Robert Kastner
139	2011	The auditory cortex mediates the perceptual effects of acoustic temporal expectation.	Santiago Jaramillo, Anthony M Zador
139	2011	The augmented Van Gogh's: Augmented reality experiences for museum visitors	Yolande Kolstee, Wim Van Eck
139	2011	The Australian	The Australian
140	2011	The autocorrelation function for island areas on self-affine surfaces.	Srinivasa B Ramisetti, Carlos Campañá, Guillaume Anciaux, Jean-Francois Molinari, Martin H Müser, Mark O Robbins
140	2011	The average pathlength map: a diffusion MRI tractography-derived index for studying brain pathology.	Kerstin Pannek, Jane L Mathias, Erin D Bigler, Greg Brown, Jamie D Taylor, Stephen E Rose
141	2011	The Awareness Network, To Whom Should I Display My Actions? And, Whose Actions Should I Monitor?	Cleidson R B De Souza, David F Redmiles
141	2011	The Axiomatisation of Socio-Economic Principles for Self-Organising Systems	Jeremy Pitt, Julia Schaumeier, Alexander Artikis
141	2011	The Back Story	Moxie Marlinspike
141	2011	The balanced traveling salesman problem	John Larusic, Abraham P Punnen
142	2012	The barefoot debate: can minimalist shoes reduce running-related injuries?	Jeffrey A Rixe, Robert A Gallo, Matthew L Silvis
143	2011	The basis of shared intentions in human and robot cognition	Peter Ford Dominey, Felix Warneken
143	2011	The Bayesian lasso for genome-wide association studies.	Jiahan Li, Kiranmoy Das, Guifang Fu, Runze Li, Rongling Wu
144	2011	The beginning of quantum nonlinear optics [Invited]	Amnon Yariv
145	2011	The Beneficial Effects of Physical Activity on Impaired Adult Neurogenesis and Cognitive Performance	Pauline Lafenetre, Oliver Leske, Petra Wahle, Rolf Heumann
146	2011	The benefits of noise in neural systems: bridging theory and experiment.	Mark D McDonnell, Lawrence M Ward
146	2011	The benefits of processing and packaging	Kata Galić, Mario Ščetar, Mia Kurek
146	2012	The Berry phase and the phase of the Shubnikov-de Haas oscillations in three-dimensional topological insulators	G P Mikitik, Yu V Sharlai
146	2011	The best-so-far selection in Artificial Bee Colony algorithm	Anan Banharnsakun, Tiranee Achalakul, Booncharoen Sirinaovakul
147	2011	The Big and the Small: Challenges of Imaging the Brain's Circuits	J W Lichtman, W Denk
147	2011	The Binding of Learning to Action in Motor Adaptation	Luis Nicolas Gonzalez Castro, Craig Bryant Monsen, Maurice A Smith
148	2011	The biocompatibility of titanium cardiovascular devices seeded with autologous blood-derived endothelial progenitor cells: EPC-seeded antithrombotic Ti implants.	Hardean E Achneck, Ryan M Jamiolkowski, Alexandra E Jantzen, Justin M Haseltine, Whitney O Lane, Jessica K Huang
148	2011	The biology of brain metastases-translation to new therapies.	April F Eichler, Euiheon Chung, David P Kodack, Jay S Loeffler, Dai Fukumura, Rakesh K Jain
149	2011	The BIOMASS mission: Mapping global forest biomass to better understand the terrestrial carbon cycle	T Le Toan, S Quegan, M W J Davidson, Heiko Balzter, P Paillou, K Papathanassiou
149	2011	The bionic eye: a review.	Jong Min Ong, Lyndon Da Cruz
150	2011	The Bistable Ring PUF: A new architecture for strong Physical Unclonable Functions	Qingqing Chen, Gyorgy Csaba, Paolo Lugli, Ulf Schlichtmann, Ulrich Ruhrmair
150	2012	The Bleak Future of NAND Flash Memory	Laura M Grupp, John D Davis, Steven Swanson
151	2011	The BOLD correlates of the visual P1 and N1 in single-trial analysis of simultaneous EEG-fMRI recordings during a spatial detection task.	N Novitskiy, J R Ramautar, K Vanderperren, M De Vos, M Mennes, B Mijovic
151	2011	The Bootstrap Discovery Behaviour (BDB): a new outlook on usability evaluation.	Simone Borsci, Alessandro Londei, Stefano Federici
152	2011	The Brain as a Distributed Intelligent Processing System: An EEG Study	Armando Freitas Da Rocha, Fábio Theoto Rocha, Eduardo Massad
152	2011	The Brain Structural Hub of Interhemispheric Information Integration for Visual Motion Perception.	Masanori Shimono, Hiroaki Mano, Kazuhisa Niki
154	2011	The building blocks of magnonics	Benjamin Lenk, Henning Ulrichs, Fabian Garbs, Markus Münzenberg
154	2012	The building performance sketch	Michael Donn, Steve Selkowitz, Bill Bordass
157	2011	The capacity of the interference channel with a cognitive relay in strong interference	Stefano Riniy, Daniela Tuninetti, Natasha Devroye, Andrea Goldsmith
157	2011	The Carbon Plan: Delivering our low carbon future	 Hm Government
157	2011	The care and maintenance of your adviser	Hugh Kearns, Maria Gardiner
158	2011	The case for a systematic development of Building Automation Systems	Paulo Carreira, Vasco Amaral, Bruno Barroca
158	2011	The Case for Evaluating MapReduce Performance Using Workload Suites	Yanpei Chen, Archana Ganapathi, Rean Griffith, Randy Katz
158	2012	The Case for GPGPU Spatial Multitasking	Jacob T Adriaens, Katherine Compton, Nam Sung Kim, Michael J Schulte
158	2012	The case for open computer programs	Darrel C Ince, Leslie Hatton, John Graham-Cumming
159	2011	The case for RAMCloud	John Ousterhout, Guru Parulkar, Mendel Rosenblum, Stephen M Rumble, Eric Stratmann, Ryan Stutsman
159	2011	The Casimir effect in microstructured geometries	Alejandro W Rodriguez, Federico Capasso, Steven G Johnson
159	2011	The catalytic role of tungsten electrode material in the plasmachemical activity of a pulsed corona discharge in water	Petr Lukes, Martin Clupek, Vaclav Babicky, Irena Sisrova, Vaclav Janda
160	2012	The CD47-signal regulatory protein alpha (SIRPa) interaction is a therapeutic target for human solid tumors	Stephen B Willingham, Jens-Peter Volkmer, Andrew J Gentles, Debashis Sahoo, Piero Dalerba, Siddhartha S Mitra
160	2011	The CDIO Syllabus v2 . 0 An Updated Statement of Goals for Engineering Education	Edward F Crawley, William A Lucas
160	2011	The Cell Cycle Regulated Transcriptome of Trypanosoma brucei	Stuart K Archer, Diana Inchaustegui, Rafael Queiroz, Christine Clayton
160	2011	The cell in an era of systems biology.	Paul Nurse, Jacqueline Hayles
161	2011	The cerebellar network: from structure to function and dynamics.	E D'Angelo, P Mazzarello, F Prestori, J Mapelli, S Solinas, P Lombardo
161	2011	The cerebellum and dyslexia.	Catherine J Stoodley, John F Stein
162	2011	The challenges and scope of theoretical biology.	David C Krakauer, James P Collins, Douglas Erwin, Jessica C Flack, Walter Fontana, Manfred D Laubichler
163	2012	The changes.	A Cole
164	2011	The changing science of machine learning	Pat Langley
164	2011	The Channel Capacity Increases with Power	Erik Agrell
166	2011	The CIA world factbook 2011	 Cia
169	2011	The coding of temperature in the Drosophila brain.	Marco Gallio, Tyler A Ofstad, Lindsey J Macpherson, Jing W Wang, Charles S Zuker
170	2011	The Cognitive Science of Visual-Spatial Displays: Implications for Design	Mary Hegarty
171	2012	The combined effects of reverberation and noise on speech intelligibility by cochlear implant listeners.	Oldooz Hazrati, Philipos C Loizou
171	2012	The Common Information Model CIM	Mathias Uslar, Michael Specht, Sebastian Rohjans, Jörn Trefke, Jose Manuel Vasquez Gonzalez
171	2011	The communication challenges presented by nanofoods.	Timothy V Duncan
172	2011	The comparative performance of four respiratory motion predictors for real-time tumour tracking.	A Krauss, S Nill, U Oelfke
172	2011	The comparision research of landslide prediction methods by chaotic time series	Lin Yuliang, Chen Xiaoliang
172	2011	The Competitive Advantage of a Dual-Transporter System	S Levy, M Kafri, M Carmi, N Barkai
172	2011	The Complex Art of Telling It Simply	Michael B Yaffe
173	2011	The Complexity of Optimal Job Co-Scheduling on Chip Multiprocessors and Heuristics-Based Solutions	Yunlian Jiang, Kai Tian, Xipeng Shen, Jinghe Zhang, Jie Chen, Rahul Tripathi
174	2011	The compressive multiplexer for multi-channel compressive sensing	J P Slavinsky, Jason N Laska, Mark A Davenport, Richard G Baraniuk
174	2012	The Computational Power of Interactive Recurrent	Hava T Siegelmann
174	2011	The computer expression recognition toolbox (CERT)	Gwen Littlewort, Jacob Whitehill, Tingfan Wu, Ian Fasel, Mark Frank, Javier Movellan
176	2011	The confounding effect of response amplitude on MVPA performance measures.	A T Smith, P Kosillo, A L Williams
176	2011	The Connection-set Algebra—a novel formalism for the representation of connectivity structure in neuronal network models	Mikael Djurfeldt
176	2011	The Connectome Viewer Toolkit: An Open Source Framework to Manage, Analyze, and Visualize Connectomes	Stephan Gerhard, Alessandro Daducci, Alia Lemkaddem, Reto Meuli, Jean-Philippe Thiran, Patric Hagmann
176	2011	The Consequences of Interface Mixing on Organic Photovoltaic Device Characteristics	David M Huang, Scott A Mauger, Stephan Friedrich, Simon J George, Daniela Dumitriu-LaGrange, Sook Yoon
176	2011	The consequences of kesterite equilibria for efficient solar cells.	Alex Redinger, Dominik M Berg, Phillip J Dale, Susanne Siebentritt
177	2011	the consumer implications of smart meters	Gill Owen, Judith Ward
177	2011	The contents of visual working memory reduce uncertainty during visual search.	Joshua D Cosman, Shaun P Vecera
178	2011	The Continuous Interaction Space: Interaction Techniques Unifying Touch and Gesture On and Above a Digital Surface	Nicolai Marquardt, Ricardo Jota, Saul Greenberg, Joaquim A Jorge
178	2011	The contribution of genes to cortical thickness and volume.	Anand A Joshi, Natasha Leporé, Shantanu H Joshi, Agatha D Lee, Marina Barysheva, Jason L Stein
178	2011	The contribution of heat storage to the profitable operation of combined heat and power plants in liberalized electricity markets	Andreas Christidis, Christoph Koch, Lothar Pottel, George Tsatsaronis
178	2011	The contribution of skin blood flow in warming the skin after the application of local heat; the duality of the Pennes heat equation.	Jerrold Petrofsky, Dominic Paluso, Devyn Anderson, Kristin Swan, Jong Eun Yim, Vengatesh Murugesan
179	2012	The contribution of the inferior parietal cortex to spoken language production.	F Geranmayeh, SL Brownsett, R Leech, CF Beckmann, Z Woodhead, RJ Wise
179	2011	The control of biofilm formation by hydrodynamics of purified water in industrial distribution system.	Maja Florjanič, Julijana Kristl
180	2011	The Convergence Rate of AdaBoost and Friends	Indraneel Mukherjee, Cynthia Rudin, Robert E Schapire
182	2011	The correlation between white-matter microstructure and the complexity of spontaneous brain activity: a difussion tensor imaging-MEG study.	Alberto Fernández, Marcos Ríos-Lago, Daniel Abásolo, Roberto Hornero, Juan Alvarez-Linera, Nuria Paul
183	2012	The cost of transmission for wind energy in the United States: A review of transmission planning studies	Andrew Mills, Ryan Wiser, Kevin Porter
185	2011	The Critical Role of Processing and Morphology in Determining Degradation Rates in Polymer Solar Cells	Ankit Kumar, Ziruo Hong, Srinivas Sista, Yang Yang
185	2011	The critical-square-grid coverage problem in wireless sensor networks is NP-Complete	Wei-Chieh Ke, Bing-Hong Liu, Ming-Jer Tsai
185	2011	The crystal structure of a voltage-gated sodium channel.	Jian Payandeh, Todd Scheuer, Ning Zheng, William A Catterall
185	2011	The crystal structure of an oxygen-tolerant hydrogenase uncovers a novel iron-sulphur centre	Johannes Fritsch, Patrick Scheerer, Stefan Frielingsdorf, Sebastian Kroschinsky, Bärbel Friedrich, Oliver Lenz
185	2011	The crystal structure of kesterite type compounds: A neutron and X-ray diffraction study	Susan Schorr
187	2011	The Cyber-Physical Bike : A Step Towards Safer Green Transportation	Stephen Smaldone, Chetan Tonde, Vancheswaran K Ananthanarayanan, Ahmed Elgammal, Liviu Iftode
188	2012	The danger of systematic bias in group-level FMRI-lag-based causality estimation.	SM Smith, PA Bandettini, KL Miller, TE Behrens, KJ Friston, O David
188	2011	The dark side of the Internet: Attacks, costs and responses	Won Kim, Ok-Ran Jeong, Chulyun Kim, Jungmin So
189	2011	The daylighting dashboard – A simulation-based design analysis for daylit spaces	Christoph F Reinhart, Jan Wienold
189	2011	The default mode network and EEG alpha oscillations: an independent component analysis.	Gennady G Knyazev, Jaroslav Y Slobodskoj-Plusnin, Andrey V Bocharov, Liudmila V Pylkova
189	2011	The Default Mode Network in Healthy Aging and Alzheimer's Disease	Katell Mevel, Gaël Chételat, Francis Eustache, Béatrice Desgranges
190	2011	The Degrees of Freedom Region and Interference Alignment for the MIMO Interference Channel with Delayed CSI	Chinmay S Vaze, Mahesh K Varanasi
190	2011	The dendritic branch is the preferred integrative unit for protein synthesis-dependent LTP.	Arvind Govindarajan, Inbal Israely, Shu-Ying Huang, Susumu Tonegawa
191	2011	The dependence of spike field coherence on expected intensity.	Kyle Q Lepage, Mark A Kramer, Uri T Eden
192	2011	The Design and Analysis of Dual-Delay-Path Ring Oscillators	Zuow-Zun Chen, Tai-Cheng Lee
192	2011	The design and development of a production prototype balance belt	C Wall, N D Lyford, K H Sienko, M D Balkwill
196	2011	The design of outage management system utilizing meter information based on AMI (Advanced Metering Infrastructure) system	Seoung-Hwan Choi, Shin-Jae Kang, Nam-Joon Jung, Il-Kwon Yang
196	2011	The Design of Real-Time Warning System in Future Internet Environment	Wun-Yuan Huang, Jen-Wei Hu, Te-Lung Liu
196	2011	The design of the telemonitoring system based on B/S mode	Han Xiuqing, Liu Lisha
196	2011	The design of water quality environment automatic monitoring system based on wireless sensor network within industrialized aquiculture	Wei-zhong Lu, Wen-liang Liu, Xue-feng Xi, Wen-li Zhou
197	2011	The design, fabrication, and photocatalytic utility of nanostructured semiconductors: focus on TiO2-based nanostructures	Arghya Banerjee
199	2012	The development and application of femtosecond laser systems.	W Sibbett, A A Lagatsky, C T A Brown
199	2011	The development and use of phase-encoded functional MRI designs.	Stephen A Engel
200	2011	The Development of a Smart Distribution Grid Testbed for Integrated Information Management Systems	Ning Lu, Pengwei Du, Patrick Paulson, Frank L Greitzer, Xinxin Guo, Mark Hadley
200	2011	The development of an adaptive upper-limb stroke rehabilitation robotic system	Patricia Kan, Rajibul Huq, Jesse Hoey, Robby Goetschalckx, Alex Mihailidis
201	2011	The development of an upper limb stroke rehabilitation robot: identification of clinical practices and design requirements through a survey of therapists.	Elaine C Lu, Rosalie H Wang, Debbie Hebert, Jennifer Boger, Mary P Galea, Alex Mihailidis
201	2011	The development of audiovisual multisensory integration across childhood and early adolescence: a high-density electrical mapping study.	Alice B Brandwein, John J Foxe, Natalie N Russo, Ted S Altschuler, Hilary Gomes, Sophie Molholm
201	2012	The development of event-related fMRI designs.	Thomas T Liu
202	2011	The development of management system for Building Equipment Internet of Things	Shen Bin, Zhang Guiqing, Wang Shaolin, Wei Dong
202	2011	The development of multisensory speech perception continues into the late childhood years.	Lars A Ross, Sophie Molholm, Daniella Blanco, Manuel Gomez-Ramirez, Dave Saint-Amour, John J Foxe
202	2011	The development of print tuning in children with dyslexia: evidence from longitudinal ERP data supported by fMRI.	Urs Maurer, Enrico Schulz, Silvia Brem, Sanne Van Der Mark, Kerstin Bucher, Ernst Martin
202	2011	The development of problem solving in young children: a critical cognitive skill.	Rachel Keen
202	2011	The development of temporal coordination in children.	Jacqueline C Shin
203	2011	The development of the German energy market until 2030—A critical survey of selected scenarios	Dogan Keles, Dominik Möst, Wolf Fichtner
203	2011	The development of thin film barriers for encapsulating organic electronics	Yongjin Kim, Namsu Kim, Hyungchul Kim, Samuel Graham
203	2011	The devil is in the details: an evaluation of recent feature encoding methods	Ken Chatfield, Victor Lempitsky, Andrea Vedaldi, Andrew Zisserman
204	2011	The diagnosis of dementia due to Alzheimer's disease: recommendations from the National Institute on Aging-Alzheimer's Association workgroups on diagnostic guidelines for Alzheimer's disease.	Guy M McKhann, David S Knopman, Howard Chertkow, Bradley T Hyman, Clifford R Jack, Claudia H Kawas
204	2011	The diagnosis of mild cognitive impairment due to Alzheimer's disease: Recommendations from the National Institute on Aging-Alzheimer's Association workgroups on diagnostic guidelines for Alzheimer's disease	Marilyn S Albert, Steven T DeKosky, Dennis Dickson, Bruno Dubois, Howard H Feldman, Nick C Fox
204	2011	The Diagnostic Sensitivity of Dengue Rapid Test Assays Is Significantly Enhanced by Using a Combined Antigen and Antibody Testing Approach	Scott R Fry, Michelle Meyer, Matthew G Semple, Cameron P Simmons, Shamala Devi Sekaran, Johnny X Huang
204	2011	The diagnostic value of intracoronary optical coherence tomography.	E Regar, J Ligthart, N Bruining, G Van Soest
204	2011	The diamond Nitrogen-Vacancy center as a probe of random fluctuations in a nuclear spin ensemble	Abdelghani Laraoui, Jonathan S Hodges, Colm Ryan, Carlos A Meriles
205	2012	The dielectric function of PbS quantum dots in a glass matrix	Iwan Moreels, Detlef Kruschke, Peter Glas, Jens W Tomm
205	2012	The Differential Geometry of Shape from Shading : Biology reveals curvature structure	Benjamin Kunsberg, Steven W Zucker
206	2012	The differential incorporation of CAM into the medical establishment: The case of acupuncture and homeopathy in Portugal	Joana Almeida
207	2012	The direct and indirect roles of fundamental frequency in vowel perception.	Santiago Barreda, Terrance M Nearey
207	2011	The Direct Conversion of Heat to Electricity Using Multiferroic Alloys	Vijay Srivastava, Yintao Song, Kanwal Bhatti, R D James
208	2011	The Discrete Infinite Logistic Normal Distribution	John Paisley, Chong Wang, David Blei
210	2011	The Diversity Multiplexing Tradeoff of the MIMO Half-Duplex Relay Channel	Sanjay Karmakar, Mahesh K Varanasi
210	2011	The doctor will see you ALWAYS	Joseph Smith
211	2012	The dosimetric impact of inversely optimized arc radiotherapy plan modulation for real-time dynamic MLC tracking delivery	Marianne Falk, Tobias Larsson, Paul Keall, Byung Chul Cho, Marianne Aznar, Stine Korreman
212	2012	The dynamic evolution of focal-onset epilepsies - combining theoretical and clinical observations.	Alex Blenkinsop, Antonio Valentin, Mark P Richardson, John R Terry
213	2011	The dynamics of integrate-and-fire: mean versus variance modulations and dependence on baseline parameters.	Joanna Pressley, Todd W Troyer
214	2011	The earlier the better: a theory of timed actor interfaces	Marc Geilen, S Tripakis, M Wiggers
214	2011	The early bird catches the news: Nine things you should know about micro-blogging	Andreas M Kaplan, Michael Haenlein
216	2012	The Economic Effects of Sharing Femtocells	Se-young Yun, Yung Yi, Dong-ho Cho, Jeonghoon Mo, A Motivation
217	2011	The economics of offshore wind	Richard Green, Nicholas Vasilakos
217	2011	The economics of renewable energy expansion in rural Sub-Saharan Africa	Uwe Deichmann, Craig Meisner, Siobhan Murray, David Wheeler
217	2012	The economy of brain network organization	Ed Bullmore, Olaf Sporns
218	2011	The effect of 13C enrichment in the glassing matrix on dynamic nuclear polarization of [1-13C]pyruvate.	Lloyd Lumata, Zoltan Kovacs, Craig Malloy, A Dean Sherry, Matthew Merritt
219	2011	The Effect of Added Water Temperature on Milling Train Operation and Performance	G A Kent
219	2012	The Effect of Ageing on Exciton Dynamics, Charge Separation, and Recombination in P3HT/PCBM Photovoltaic Blends	Felix Deschler, Antonietta De Sio, Elizabeth Von Hauff, Peter Kutka, Tobias Sauermann, Hans-J Egelhaaf
220	2011	The effect of appliance energy efficiency improvements on domestic electric loads in European households	S P Borg, N J Kelly
220	2011	The Effect of Atomic Vacancies and Grain Boundaries on Mechanical Properties of GaN Nanowires	S F Xie, S D Chen, A K Soh
220	2011	The effect of chemical residues on the physical and electrical properties of chemical vapor deposited graphene transferred to SiO2	A Pirkle, J Chan, A Venugopal, D Hinojos, C W Magnuson, S McDonnell
221	2011	The effect of communication pattern on opportunistic mobile networks	Xiaoguang Fan, Kuang Xu, Victor O K Li, Guang-hua Yang
221	2011	The effect of conscious and non-conscious presentation of biologically relevant emotion pictures on emotion modulated startle and phasic heart rate.	Elisabeth Ruiz-Padial, Jaime Vila, Julian F Thayer
222	2011	The effect of correlation in false discovery rate estimation	Armin Schwartzman, Xihong Lin
222	2011	The effect of CPAP in normalizing daytime sleepiness, quality of life, and neurocognitive function in patients with moderate to severe OSA.	Nick A Antic, Peter Catcheside, Catherine Buchan, Michael Hensley, Matthew T Naughton, Sharn Rowland
222	2011	The Effect of Crosstalk on the Perceived Depth From Disparity and Monocular Occlusions	Inna Tsirlin, Laurie M Wilcox, Robert S Allison
222	2011	The effect of damp-heat and UV aging tests on the optical properties of silicone and EVA encapsulants	Keith R Mcintosh, Nick E Powell, Ann W Norris, James N Cotsell, Barry M Ketola
223	2011	The effect of different negative emotional context on involuntary attention: An ERP study.	Jie-Yu Lv, Ting Wang, Shen Tu, Fang Zheng, Jiang Qiu
223	2011	The Effect of Eavesdroppers on Network Connectivity: A Secrecy Graph Approach	Satashu Goel, Vaneet Aggarwal, Aylin Yener, A Robert Calderbank
223	2011	The effect of economic variables over a biodiesel production plant	J M Marchetti
224	2011	The Effect of Enriched Environment on the Outcome of Traumatic Brain Injury; A Behavioral, Proteomics, and Histological Study	Erzsebet Kovesdi, Andrea B Gyorgy, Sook-Kyung C Kwon, Daniel L Wingo, Alaa Kamnaksh, Joseph B Long
224	2011	The Effect of Expression of Anger and Happiness in Computer Agents on Negotiations with Humans	Celso M De Melo, Peter Carnevale, Jonathan Gratch
224	2011	The effect of femoral component rotation on the kinematics of the tibiofemoral and patellofemoral joints after total knee arthroplasty.	A M Merican, K M Ghosh, F Iranpour, D J Deehan, Andrew A Amis
225	2011	The effect of functionalized silver on properties of conductive adhesives	Qiong Fan, Huiwang Cui, Dongsheng Li, Zhili Hu, Zhichao Yuan, Lilei Ye
227	2011	The effect of interlayer adhesion on the mechanical behaviors of macroscopic graphene oxide papers.	Yun Gao, Lu-Qi Liu, Sheng-Zhen Zu, Ke Peng, Ding Zhou, Bao-Hang Han
227	2011	The effect of intra- and inter-subject variability of hemodynamic responses on group level Granger causality analyses.	Marleen B Schippers, Remco Renken, Christian Keysers
228	2011	The Effect of Model Misspecification on Semi-Supervised Classification	Ting Yang, Carey E Priebe
228	2011	The effect of motion correction on pharmacokinetic parameter estimation in dynamic-contrast-enhanced MRI.	A Melbourne, J Hipwell, M Modat, T Mertzanidou, H Huisman, S Ourselin
229	2011	The effect of musical experience on hemispheric lateralization in musical feature processing.	Kentaro Ono, Akinori Nakamura, Kenji Yoshiyama, Takeshi Kinkori, Masahiko Bundo, Takashi Kato
229	2012	The effect of nanowire length and diameter on the properties of transparent, conducting nanowire films.	Stephen M Bergin, Yu-Hui Chen, Aaron R Rathmell, Patrick Charbonneau, Zhi-Yuan Li, Benjamin J Wiley
229	2011	The effect of neural adaptation of population coding accuracy	J M Cortes, D Marinazzo, P Series, M W Oram, T J Sejnowski, M C W Van Rossum
230	2011	The effect of periodic variations of thermospheric density on CHAMP and GRACE orbits	Jiyao Xu, Wenbin Wang, Jiuhou Lei, E K Sutton, Guangming Chen
230	2011	The effect of phase mismatch on second harmonic generation in negative index materials	Zhaxylyk Kudyshev, Ildar Gabitov, Andrei Maimistov
231	2012	The Effect of Regulatory Uncertainty on Investment: Evidence from Renewable Energy Generation	K R Fabrizio
232	2011	The Effect of Self-Compassion on the Development of Depression Symptoms in a Non-clinical Sample	Filip Raes
234	2011	The effect of substrate compliance on the biomechanics of gibbon leaps.	Anthony J Channon, Michael M Günther, Robin H Crompton, Kristiaan D'Août, Holger Preuschoft, Evie E Vereecke
236	2011	The Effect of Time on Gait Recognition Performance	Darko Matovski, Mark Nixon, Sasan Mahmoodi, John Carter
236	2011	The effect of Twitter on college student engagement and grades	R Junco, G Heiberger, E Loken
238	2011	The Effectiveness of Branded Mobile Phone Apps	Steven Bellman, Robert F Potter, Shiree Treleaven-Hassard, Jennifer A Robinson, Duane Varan
239	2011	The effectiveness of risk management: an analysis of project risk planning across industries and countries.	Ofer Zwikael, Mark Ahn
239	2011	The effects of a pedometer-based behavioral modification program with telephone support on physical activity and sedentary behavior in type 2 diabetes patients.	Karlijn P De Greef, Benedicte I Deforche, Johannes B Ruige, Jacques J Bouckaert, Catrine E Tudor-Locke, Jean-Marc Kaufman
241	2011	The Effects of Co-Sensitization and Electronic Structure of Nanocrystalline N/TiO2 Anode on the Performance of Dye-Sensitized Solar Cells	Jingchang Zhang, Xin Zheng, Xiuying Yang, Weiliang Cao
242	2011	The effects of CYP3A4, CYP3A5, ABCB1, ABCC2, ABCG2 and SLCO1B3 single nucleotide polymorphisms on the pharmacokinetics and pharmacodynamics of docetaxel in nasopharyngeal carcinoma patients.	Sin-Chi Chew, Onkar Singh, Xiangai Chen, Rathi Devi Ramasamy, Tejal Kulkarni, Edmund J D Lee
242	2011	The effects of diverting activities on recovery from fatiguing concentric isokinetic muscle actions.	Matt S Stock, Travis W Beck, Jason M DeFreitas
242	2011	The effects of education compatibility and technological expectancy on e-learning acceptance	Jian-Liang Chen
242	2011	The effects of electricity pricing on PHEV competitiveness	Shisheng Huang, Bri-Mathias S Hodge, Farzad Taheripour, Joseph F Pekny, Gintaras V Reklaitis, Wallace E Tyner
244	2011	The effects of long-term sleep deprivation on the long-term potentiation in the dentate gyrus and brain oxidation status in rats.	Cem Süer, Nazan Dolu, A Seda Artis, Leyla Sahin, Alpaslan Yilmaz, Aysun Cetin
245	2011	The Effects of Mechanical Bending and Illumination on the Performance of Flexible IGZO TFTs	Niko Münzenrieder, Kunigunde H Cherenack, Gerhard Tröster, Senior Member, A Igzo Tfts
245	2012	The Effects of Mindfulness Meditation: A Meta-Analysis	Juliane Eberth, Peter Sedlmeier
246	2011	The effects of percolation in nanostructured transparent conductors	Sukanta De, Jonathan N Coleman
246	2011	The effects of polymer gel electrolyte composition on performance of quasi-solid-state dye-sensitized solar cells	Xiaodong Li, Dingwen Zhang, Xi Jiang Yin, Si Chen, Jianhua Shi, Zhuo Sun
246	2011	The effects of polymeric nanostructure shape on drug delivery	Shrinivas Venkataraman, James L Hedrick, Zhan Yuin Ong, Chuan Yang, Pui Lai Rachel Ee, Paula T Hammond
246	2011	The Effects of Pooling on Spike Train Correlations	Robert Rosenbaum, James Trousdale, Krešimir Josić
247	2011	The Effects of Qigong on Reducing Stress, Anxiety and Enhancing Body-mind Wellbeing	Yvonne W Y Chow, Allen Dorcas, Andrew M H Siu
247	2011	The effects of real-time image navigation in operative liver surgery.	Johannes Schwaiger, Mathias Markert, Nikita Shevchenko, Tim C Lueth
248	2011	The effects of social networks on choice set dynamics: Results of numerical simulations using an agent-based approach	Qi Han, Theo Arentze, Harry Timmermans, Davy Janssens, Geert Wets
248	2011	The Effects of Synthesized Voice Accents on User Perceptions of Robots	Rie Tamagawa, Catherine I Watson, I Han Kuo, Bruce A MacDonald, Elizabeth Broadbent
249	2011	The effects of total and REM sleep deprivation on laser-evoked potential threshold and pain perception.	Eduardo Azevedo, Gilberto M Manzano, Andressa Silva, Raquel Martins, Monica L Andersen, Sergio Tufik
250	2011	The Elastic Ratio: Introducing Curvature Into Ratio-Based Image Segmentation	Thomas Schoenemann, Simon Masnou, Daniel Cremers
255	2011	The emergence of perceived position in the visual system.	Jason Fischer, Nicole Spotswood, David Whitney
257	2011	The Encoding of Complex Visual Stimuli by a Canonical Model of the Primary Visual Cortex : Temporal Population Code for Face Recognition on the iCub Robot	André Luis Luvizotto, César Rennó-Costa, Ugo Pattacini, Paul F M J Verschure
257	2011	The Energy and Emergy of the Internet	Barath Raghavan, Justin Ma
258	2011	The energy situation and its sustainable development strategy in China	Na Zhang, Noam Lior, Hongguang Jin
258	2011	The enhanced cortical activation induced by transcranial direct current stimulation during hand movements.	Yong Hyun Kwon, Sung Ho Jang
259	2011	The enhancement of mature vessel formation and cardiac function in infarcted hearts using dual growth factor delivery with self-assembling peptides.	Ji Hyun Kim, Youngmee Jung, Sang-Heon Kim, Kyung Sun, Jaesoon Choi, Hee Chan Kim
259	2011	The enzymatic oxidation of graphene oxide.	Gregg P Kotchey, Brett L Allen, Harindra Vedala, Naveena Yanamala, Alexander A Kapralov, Yulia Y Tyurina
260	2011	The ePetri dish, an on-chip cell imaging platform based on subpixel perspective sweeping microscopy (SPSM)	G Zheng, S A Lee, Y Antebi, M B Elowitz, C Yang
260	2011	The EPR effect: Unique features of tumor blood vessels for drug delivery, factors involved, and limitations and augmentation of the effect.	Jun Fang, Hideaki Nakamura, Hiroshi Maeda
261	2011	The Escort System: A Safety Monitor for People Living with Alzheimer's Disease	Daniel Taub, Elmer Lupton, Roderick Hinman, Steven Leeb, John Zeisel, Susan Blackler
262	2011	The essential role of centrosomal NDE1 in human cerebral cortex neurogenesis.	Mehmet Bakircioglu, Ofélia P Carvalho, Maryam Khurshid, James J Cox, Beyhan Tuysuz, Tanyeri Barak
264	2011	The Evolution of Cellular Backhaul Technologies: Current Issues and Future Trends	Orawan Tipmongkolsilp, Said Zaghloul, Admela Jukan
265	2011	The Evolution of Cooperation in Self-Interested Agent Societies : A Critical Study Categories and Subject Descriptors	Lisa-maria Hofmann
265	2011	The evolution of gene expression levels in mammalian organs	David Brawand, Magali Soumillon, Anamaria Necsulea, Philippe Julien, Gábor Csárdi, Patrick Harrigan
266	2011	The evolution of layered protocol stacks leads to an hourglass-shaped architecture	Saamer Akhshabi, Constantine Dovrolis
266	2011	The evolution of meaning: spatio-temporal dynamics of visual object recognition.	Alex Clarke, Kirsten I Taylor, Lorraine K Tyler
266	2011	The Evolution of Overconfidence	Dominic D P Johnson, James H Fowler
267	2012	The Evolution of Plug-In Electric Vehicle-Grid Interactions	David P Tuttle, Ross Baldick
267	2011	The evolution of standardization for mobile cloud	Svetlana Kim, Yonglk Yoon, Minkyo In, Kangchan Lee, Seungyun Lee
267	2012	The Evolution of Video Processing Technology and Its Main Drivers	J E Caviedes
268	2012	The evolutionary significance of depression in Pathogen Host Defense (PATHOS-D).	C L Raison, A H Miller
268	2011	The evolvability of programmable hardware.	Karthik Raman, Andreas Wagner
269	2011	The experimental validation of a new energy harvesting system based on the wake galloping phenomenon	Hyung-Jo Jung, Seung-Woo Lee
270	2011	The extraction of 3D shape in the visual system of human and nonhuman primates.	Guy A Orban
273	2011	The false promise of biofuels.	David Biello
273	2011	The fast lane to the adoption of electric cars	Russell Hensley, Stefan M Knupfer, Axel Krieger
274	2011	The fate and toxicity of Raman-active silica-gold nanoparticles in mice.	Avnesh S Thakor, Richard Luong, Ramasamy Paulmurugan, Frank I Lin, Paul Kempen, Cristina Zavaleta
275	2011	The feasibility of Web-based surveys as a data collection tool: a process evaluation.	Lesa L K Chizawsky, Carole A Estabrooks, Anne E Sales
275	2012	The feedback-related negativity (FRN) in adolescents.	Tina M Zottoli, Jillian Grose-Fifer
277	2011	The first facial expression recognition and analysis challenge	Michel F Valstar, Bihan Jiang, Marc Mehu, Maja Pantic, Klaus Scherer
277	2011	The first images of nerve cells: Golgi on the olfactory bulb 1875.	Gordon M Shepherd, Charles A Greer, Paolo Mazzarello, Marco Sassoè-Pognetto
277	2011	The first neural probe integrated with light source (blue laser diode) for optical stimulation and electrical recording	HyungDal Park, Hyun-Joon Shin, Il-Joo Cho, Eui-sung Yoon, Jun-Kyo Francis Suh, Maesoon Im
277	2012	The first step in decoding the brain ]	Sarah Gibson, Jack Judy, Dejan Markovic
277	2011	The first taste is always with the eyes: a meta-analysis on the neural correlates of processing visual food cues.	L N Van Der Laan, D T D De Ridder, M A Viergever, P A M Smeets
278	2011	The flow simulation of a low-specific-speed high-speed centrifugal pump	B Jafarzadeh, A Hajari, M M Alishahi, M H Akbari
278	2011	The fMRI BOLD signal tracks electrophysiological spectral perturbations, not event-related potentials	Andrew D Engell, Scott Huettel, Gregory McCarthy
282	2011	The function of the sleep spindle: a physiological index of intelligence and a mechanism for sleep-dependent memory consolidation.	Stuart M Fogel, Carlyle T Smith
282	2011	The functional architecture of the infant brain as revealed by resting-state FMRI.	Peter Fransson, Ulrika Aden, Mats Blennow, Hugo Lagercrantz
282	2011	The functional consequences of chronic, physiologically effective intracortical microstimulation.	Rebecca A Parker, Tyler S Davis, Paul A House, Richard A Normann, Bradley Greger
285	2011	The future of fMRI and genetics research.	Andreas Meyer-Lindenberg
286	2011	The future of model organisms in human disease research.	Timothy J Aitman, Charles Boone, Gary A Churchill, Michael O Hengartner, Trudy F C Mackay, Derek L Stemple
286	2011	The Future of Seawater Desalination: Energy, Technology, and the Environment	M Elimelech, W A Phillip
286	2011	The Future of Silicon Photonics: Not So Fast? Insights From 100G Ethernet LAN Transceivers	Erica R H Fuchs, Randolph E Kirchain, Shan Liu
286	2011	The Future of the Electric Grid	A N Interdisciplinary
287	2012	The future prospect of PV and CSP solar technologies: An expert elicitation survey	Valentina Bosetti, Michela Catenacci, Giulia Fiorese, Elena Verdolini
288	2011	The gem5 simulator	Nathan Binkert, Somayeh Sardashti, Rathijit Sen, Korey Sewell, Muhammad Shoaib, Nilay Vaish
289	2011	The Gender of Face Stimuli is Represented in Multiple Regions in the Human Brain	Christian Kaul, Geraint Rees, Alumit Ishai
290	2011	The genetics of attention deficit/hyperactivity disorder in adults, a review.	B Franke, S V Faraone, P Asherson, J Buitelaar, C H D Bau, J A Ramos-Quiroga
291	2012	The genome architecture of the collaborative cross mouse genetic reference population.	Michael Hall, Glynn Manship, Grant Morahan, Ken Pettit, Jeremy Scholten, Kathryn Tweedie
291	2011	The genome of the green anole lizard and a comparative analysis with birds and mammals	Jessica Alföldi, Federica Di Palma, Manfred Grabherr, Christina Williams, Lesheng Kong, Evan Mauceli
292	2012	The Geometric Structure of the Brain Fiber Pathways	V J Wedeen, D L Rosene, R Wang, G Dai, F Mortazavi, P Hagmann
292	2011	The Geometry of Reflectance Symmetries	Ping Tan, Long Quan, Todd Zickler
293	2011	The geothermal characteristics of the ground and the potential of using ground coupled heat pumps in Cyprus	G A Florides, P D Pouloupatis, S Kalogirou, V Messaritis, I Panayides, Z Zomeni
293	2011	The Global Competitiveness Report 2010–2011	Klaus Schwab
293	2011	The global footprint of mobile communications: The ecological and economic perspective	Albrecht Fehske, Gerhard Fettweis, Jens Malmodin, Gergely Biczok
294	2011	The global obesity pandemic: shaped by global drivers and local environments.	Boyd A Swinburn, Gary Sacks, Kevin D Hall, Klim McPherson, Diane T Finegood, Marjory L Moodie
294	2011	The global status of ccs: 2011	Projects Globally, Final Report
294	2011	The GNB3 C825T polymorphism influences platelet aggregation in human whole blood.	Fabian Dusse, Ulrich H Frey, Adisa Bilalic, Daniel Dirkmann, Klaus Görlinger, Winfried Siffert
295	2012	The Grand Challenge of Computer Go: Monte Carlo Tree Search and Extensions	S Gelly, L Kocsis, M Schoenauer, M Sebag, D Silver, C Szepesvari
295	2011	The graphene-gold interface and its implications for nanoelectronics.	Ravi S Sundaram, Mathias Steiner, Hsin-Ying Chiu, Michael Engel, Ageeth A Bol, Ralph Krupke
296	2011	The Gratzel Cell: Where Next?	Laurence M Peter
296	2012	The great brain versus vein debate.	Ravi S Menon
298	2011	The Guidance and Control of Small Net-recovery UAV	Jiatong Chen, Yong Wang
298	2011	The Guide to the Systems Engineering Body of Knowledge ( SEBoK )	Sebok Table
299	2011	The Harvard Clean Energy Project: Large-Scale Computational Screening and Design of Organic Photovoltaics on the World Community Grid	Johannes Hachmann, Roberto Olivares-Amaya, Sule Atahan-Evrenk, Carlos Amador-Bedolla, Roel S Sánchez-Carrera, Aryeh Gold-Parker
300	2011	The Hidden Experts in Software-Engineering Communication ( NIER Track )	Daniela Damian
302	2011	The hippocampus in major depression: evidence for the convergence of the bench and bedside in psychiatric research?	G MacQueen, T Frodl
302	2011	The Hippocampus Is Coupled with the Default Network during Memory Retrieval but Not during Memory Encoding	Willem Huijbers, Cyriel M A Pennartz, Roberto Cabeza, Sander M Daselaar
302	2011	The history of the future of the Bayesian brain.	K Friston
304	2011	The House of Olbrich An Augmented Reality tour through architectural history	Jens Keil, Michael Zollner, Mario Becker, Folker Wientapper, Timo Engelke, Harald Wuest
304	2011	The human connectome: a complex network.	Olaf Sporns
304	2011	The human element as the key enabler of pervasiveness	Silvia Giordano, Daniele Puccinelli
305	2011	The human motion database: A cognitive and parametric sampling of human motion	Gutemberg Guerra-Filho, Arnab Biswas
306	2011	The hydrogen issue.	Nicola Armaroli, Vincenzo Balzani
306	2011	The hypothesis of apraxia of speech in children with autism spectrum disorder.	Lawrence D Shriberg, Rhea Paul, Lois M Black, Jan P Van Santen
307	2012	The I DEAS Work Programme	Council Work
307	2011	The ideal IED for smart distribution applications	F Zavoda, C Abbey, Y Brissette
307	2011	The identification of interacting networks in the brain using fMRI: Model selection, causality and deconvolution.	Alard Roebroeck, Elia Formisano, Rainer Goebel
307	2012	The identification of short linear motif-mediated interfaces within the human interactome.	R J Weatheritt, K Luck, E Petsalaki, N E Davey, T J Gibson
307	2011	The iDUDE framework for grayscale image denoising.	Giovanni Motta, Erik Ordentlich, Ignacio Ramírez, Gadiel Seroussi, Marcelo J Weinberger
309	2011	The impact of certain methodological choices on multivariate analysis of fMRI data with support vector machines.	Joset A Etzel, Nikola Valchev, Christian Keysers
310	2011	The Impact of Clean Energy Innovation	Clean Energy Innovation
310	2011	The impact of controlled electric vehicle charging on residential low voltage networks	R A Verzijlbergh, Z Lukszo, J G Slootweg, M D Ilic
310	2011	The impact of demand side management strategies in the penetration of renewable electricity	André Pina, Carlos Silva, Paulo Ferrão
311	2011	The impact of different competence levels of Care-Receiving Robot on children	Madhumita Ghosh, Fumihide Tanaka
311	2012	The Impact of Differential Mode Delay on Mode-Division Multiplexed Coherent Optical OFDM Transmission	Adriana Lobato, Filipe Ferreira, Beril Inan, Maxim Kuschnerov, Dirk Van Den Borne
311	2011	The impact of Electric Vehicle battery charging on distribution transformers	Matthew J Rutherford, Vahid Yousefzadeh
312	2011	The impact of HR practices, HR effectiveness and a 'strong HR system' on organisational outcomes: a stakeholder perspective	D Guest, N Conway
312	2012	The Impact of Imitation on Vaccination Behavior in Social Contact Networks	Martial L Ndeffo Mbah, Jingzhou Liu, Chris T Bauch, Yonas I Tekel, Jan Medlock, Lauren Ancel Meyers
312	2011	The impact of junction angle on tunnel FETs	Frank K H Kao, Anne S Verhulst, William G Vandenberghe, Guido Groeseneken, Kristin De Meyer
313	2011	The Impact of Mobile Phone Use on Individual Social Capital	Song Yang, Sherah Kurnia, Stephen P Smith
313	2012	The Impact of Molecular Orientation on the Photovoltaic Properties of a Phthalocyanine/Fullerene Heterojunction	Barry P Rand, David Cheyns, Karolien Vasseur, Noel C Giebink, Sébastien Mothy, Yuanping Yi
314	2011	The impact of next-generation sequencing on genomics.	Jun Zhang, Rod Chiodini, Ahmed Badr, Genfa Zhang
314	2011	The impact of plug-in vehicles on greenhouse gas and criteria pollutants emissions in an urban air shed using a spatially and temporally resolved dispatch model	Ghazal Razeghi, Tim Brown, G Scott Samuelsen
314	2011	The impact of quantitative optimization of hybridization conditions on gene expression analysis	Peter Sykacek, David P Kreil, Lisa A Meadows, Richard P Auburn, Bettina Fischer, Steven Russell
315	2011	The impact of reconstruction algorithms on semi-automatic small lesion segmentation for PET: A phantom study	Cherry Ballangan, Chung Chan, Xiuying Wang, David Dagan Feng
315	2011	The Impact of Regulation-Driven Environmental Innovation on Innovation Success and Firm Performance	Klaus Rennings, Christian Rammer
315	2011	The impact of signal-ASE four-wave mixing in coherent transmission systems	Danish Rafique, Andrew D Ellis
315	2011	The Impact of Social Information on Visual Judgments	Jessica Hullman, Eytan Adar
316	2011	The impact of stimulus complexity and frequency swapping on stabilization of binocular rivalry Bahador Bahrami	Kristian Sandberg, Jonas Kristoffer Lindeløv, Geraint Rees
317	2012	The impact of turbulence intensity and atmospheric stability on power deficits due to wind turbine wakes at Horns Rev wind farm	Kurt S Hansen, Rebecca J Barthelmie, Leo E Jensen, Anders Sommer
317	2011	The impact of vaccine side effects on the natural history of immunization programmes: an imitation-game approach.	Alberto d'Onofrio, Piero Manfredi, Piero Poletti
317	2011	The impact of vehicle-to-grid on the distribution grid	Kristien Clement-Nyns, Edwin Haesen, Johan Driesen
319	2011	The Importance of Encoding Versus Training with Sparse Coding and Vector Quantization	Adam Coates, Andrew Y Ng, Serra Mall
320	2011	The Importance of Visual Attention in Improving the 3D-TV Viewing Experience: Overview and New Perspectives	Quan Huynh-Thu, Marcus Barkowsky, Patrick Le Callet
321	2011	The Improvement of High-k/Metal Gate pMOSFET Performance and Reliability Using Optimized Si Cap/SiGe Channel Structure	Wen-Kuan Yeh, Yu-Ting Chen, Fon-Shan Huang, Chia-Wei Hsu, Chun-Yu Chen, Yean-Kuen Fang
321	2011	The indentation of pressurized elastic shells: From polymeric capsules to yeast cells	D Vella, A Ajdari, A Vaziri, A Boudaoud
321	2011	The indirect to direct band gap transition in multilayered MoS2 as predicted by screened hybrid density functional theory	Jason K Ellis, Melissa J Lucero, Gustavo E Scuseria
322	2011	The infant development timeline and its application to robot shaping	J Law, M Lee, M Hulse, A Tomassetti
323	2011	The influence of carbon dioxide on brain activity and metabolism in conscious humans.	Feng Xu, Jinsoo Uh, Matthew R Brier, John Hart, Uma S Yezhuvath, Hong Gu
326	2011	The influence of hydrogen in the incorporation of Zn during the growth of Cu2ZnSnS4 thin films	P M P Salomé, J Malaquias, P A Fernandes, M S Ferreira, J P Leitão, A F Da Cunha
326	2012	The influence of language deprivation in early childhood on L2 processing: An ERP comparison of deaf native signers and deaf signers with a delayed language acquisition.	Nils Skotara, Uta Salden, Monique Kügow, Barbara Hänel-Faulhaber, Brigitte Röder
326	2012	The Influence of Language Proficiency on Lexical Semantic Processing in Native and Late Learners of English	Aaron J Newman, Antoine Tremblay, Emily S Nichols, Helen J Neville, Michael T Ullman
328	2011	The Influence of Potential on Electrodeposition of Silver and Formation of Silver Nanoparticles in Some Ionic Liquids	Ryuta Fukui, Yasushi Katayama, Takashi Miura
328	2011	The influence of radial undersampling schemes on compressed sensing reconstruction in breast MRI.	Rachel W Chan, Elizabeth A Ramsay, Edward Y Cheung, Donald B Plewes
328	2011	The influence of serotonin transporter polymorphisms on cortical activity: A resting EEG study	Tien-Wen Lee, Younger WY Yu, Chen-Jee Hong, Shih-Jen Tsai, Hung-Chi Wu, Tai-Jui Chen
329	2011	The influence of surface morphology and phases composition on the radiation resistance of multiphase materials CdS-PbS	И В Маляр, С В Стецюра
330	2011	The influence of the borehole short-time response on ground source heat pump system efficiency	Vincent Partenay, Peter Riederer, Tristan Salque, Etienne Wurtz
330	2011	The influence of the local current density on the electrochemical exfoliation of graphite in lithium-ion battery negative electrodes	Dietrich Goers, Michael E Spahr, Antonio Leone, Wolfgang Märkle, Petr Novák
331	2011	The influence of white matter fibre orientation on MR signal phase and decay.	Christian Denk, Enedino Hernandez Torres, Alex MacKay, Alexander Rauscher
331	2011	The influences of magnetized water on physical properties of concrete	Xiao Feng Pang, Xin Shui Zhu
332	2011	The innovation impact of the EU Emission Trading System — Findings of company case studies in the German power sector	Karoline S Rogge, Malte Schneider, Volker H Hoffmann
333	2011	The integrate-and-fire sampler: A special type of asynchronous - modulator	Alexander Singh Alvarado, Manu Rastogi, John G Harris, Jose C Principe
333	2011	The integration of Information and Communication Technology into nursing.	Francisco Lupiáñez-Villanueva, Michael Hardey, Joan Torrent, Pilar Ficapal
333	2012	The integration of motion and disparity cues to depth in dorsal visual cortex.	Hiroshi Ban, Tim J Preston, Alan Meeson, Andrew E Welchman
333	2011	The integration of negative affect, pain and cognitive control in the cingulate cortex.	Alexander J Shackman, Tim V Salomons, Heleen A Slagter, Andrew S Fox, Jameel J Winter, Richard J Davidson
334	2011	The Intelligent ContainerA Cognitive Sensor Network for Transport Management	Walter Lang, Reiner Jedermann, Damian Mrugala, Amir Jabbari, Bernd Krieg-Brückner, Kerstin Schill
335	2011	The Interactive Account of ventral occipitotemporal contributions to reading	Cathy J Price, Joseph T Devlin
336	2012	The interface is still the device.	 Editorial
336	2011	The International Exascale Software Project roadmap	J Dongarra, P Beckman, T Moore, P Aerts, G Aloisio, J C Andre
336	2011	The International Journal of	Susan Hallam
337	2011	The internet brain volume database: a public resource for storage and retrieval of volumetric data.	David N Kennedy, Steven M Hodge, Yong Gao, Jean A Frazier, Christian Haselgrove
337	2011	The Interplay between Microscopic and Mesoscopic Structures in Complex Networks	Jörg Reichardt, Roberto Alamino, David Saad
340	2012	The involvement of the dopaminergic midbrain and cortico-striatal-thalamic circuits in the integration of reward prospect and attentional task demands.	Ruth M Krebs, Carsten N Boehler, Kenneth C Roberts, Allen W Song, Marty G Woldorff
341	2011	The ivory tower approach to entrepreneurial linkage: productivity changes in university technology transfer	Younhee Kim
342	2011	The joint flanker effect: sharing tasks with real and imagined co-actors	Silke Atmaca, Natalie Sebanz, Günther Knoblich
343	2011	The k.p method and its application to graphene, carbon nanotubes and graphene nanoribbons: the Dirac equation	Paolo Marconcini, Massimo Macucci
343	2011	The KC PALSAR Mosaic of the African Continent: Processing Issues and First Thematic Results	Gianfranco D De Grandi, Alexandre Bouvet, Richard M Lucas, Masanobu Shimada, Stefano Monaco, Ake Rosenqvist
345	2012	The lac Repressor Displays Facilitated Diffusion in Living Cells	P Hammar, P Leroy, A Mahmutovic, E G Marklund, O G Berg, J Elf

