0	2011	U-shaped bilayer graphene channel transistor with very high Ion/Ioff ratio	Zakaria Moktadir, Stuart Boden, Mohammad Adel Ghiass, Harvey Rutt, Hiroshi Mizuta
0	2011	UAV attitude and position estimation for vision-based landing	Daquan Tang, Fei Li, Ning Shen, Shaojun Guo
1	2011	UAV guidance law for ground-based target trajectory tracking and loitering	Niki Regina, Matteo Zanzi
1	2011	UAV rotorcraft in compliant contact: Stability analysis and simulation	Paul E I Pounds, Aaron M Dollar
1	2011	UAV-based stereo vision for photogrammetric survey in aerial terrain mapping	Khairul Nizam Tahar, Anuar Ahmad, Wan Abdul Aziz Wan Mohd Akib
1	2011	UBAPV2G : A Unique Batch Authentication Protocol for Vehicle-to-Grid Communications	Huaqun Guo, Senior Member, Yongdong Wu, Feng Bao, Hongmei Chen, Maode Ma
2	2012	Ubicomp Systems at 20: Progress, Opportunities, and Challenges	Ramon Caceres, Adrian Friday
2	2011	Ubiquitous Advertising: The Killer Application for the 21st Century	John Krumm
3	2011	Ubiquitous computing: An overview of technology impacts	Michael Friedewald, Oliver Raabe
4	2012	UE's role in LTE advanced heterogeneous networks	Aleksandar Damnjanovic, Juan Montojo, Joonyoung Cho, Hyoungju Ji, Jin Yang, Pingping Zong
4	2011	UHF RFID localization system based on a phased array antenna	Rainer Kronberger, Thomas Knie, Roberto Leonardi, Uwe Dettmar, Markus Cremer, Salah Azzouzi
4	2011	UK Future Energy Scenarios	 National Grid
4	2011	UK Renewable Energy Roadmap	 Decc
5	2011	Ultimate performance of polymer:fullerene bulk heterojunction tandem solar cells	J D Kotlarski, P W M Blom
5	2011	Ultimate RF Performance Potential of Carbon Electronics	Siyuranga O Koswatta, Alberto Valdes-Garcia, Mathias B Steiner, Yu-Ming Lin, Phaedon Avouris
5	2011	Ultimate single-carrier recovery for coherent detection	Netta Sigron, Igor Zelniker, Moshe Nazarathy, Alik Gorshtein, Dan Sadot
5	2011	ultiphysics odeling	A First
5	2011	Ultra compact 45 GHz CMOS compatible Germanium waveguide photodiode with low dark current.	Christopher T DeRose, Douglas C Trotter, William A Zortman, Andrew L Starbuck, Moz Fisher, Michael R Watts
6	2011	Ultra high frequency phononic crystal in silicon carbide	N Kuo, S Gong, G Piazza
6	2011	Ultra low-FOM high-precision modulators with fully-clocked SO and zero static power quantizers	Jian Xu, Xiaobo Wu, Menglian Zhao, Rui Fan, Hanqing Wang, Xiaofen Ma
6	2011	Ultra low-power RFID tag with precision localization using IR-UWB	Yuan Zhou, Choi Look Law, Jingjing Xia
8	2011	Ultra-fast sequence clustering from similarity networks with SiLiX	Vincent Miele, Simon Penel, Laurent Duret
8	2011	Ultra-fast switching in solution processed quantum dot based non-volatile resistive memory	V Kannan, J K Rhee
8	2011	Ultra-high extinction ratio and low cross talk characteristics of 4-array integrated SOA module with compact-packaging technologies	Goji Nakagawa, Yutaka Kai, Kyosuke Sone, Setsuo Yoshida, Shinsuke Tanaka, Ken Morito
8	2011	Ultra-high quality factor planar Si3N4 ring resonators on Si substrates.	Ming-Chun Tien, Jared F Bauters, Martijn J R Heck, Daryl T Spencer, Daniel J Blumenthal, John E Bowers
9	2011	Ultra-high resolution optical coherence tomography for encapsulation quality inspection	J Czajkowski, T Fabritius, J Ulański, T Marszałek, M Gazicki-Lipman, A Nosal
9	2011	Ultra-high speed real-time 4D display system installed in ultra-high speed parallel OCT system at a volume rate of 12 volumes/sec	K Ohbayashi, D Choi, H Hiro-oka, A Kubota, T Ohno, R Ikeda
9	2011	Ultra-high-Q triangular cross-section nanobeam photonic cavities in single crystal diamond	Igal Bayn, Boris Meyler, Joseph Salzman, Rafi Kalish
9	2011	Ultra-high-speed phase-sensitive optical coherence reflectometer with a stretched pulse supercontinuum source.	Hoseong Song, Seung Bum Cho, Dong Uk Kim, Sungho Jeong, Dug Young Kim
9	2011	Ultra-Large Area Self-Assembled Monolayers of Nanoparticles.	Tianlong Wen, Sara A Majetich
10	2012	Ultra-Long-Haul Transmission of 16x112 Gb / s Spectrally- Engineered DAC-Generated Nyquist-WDM PM-16QAM Channels with 1 . 05x ( Symbol-Rate ) Frequency Spacing	R Cigliutti, A Nespola, D Zeolla, G Bosco, A Carena, V Curri
10	2011	Ultra-long-haul transmission of 7 42.9 Gbit/s PS-QPSK and PM-BPSK	C Behrens, D Lavery, DS Millar, S Makovejs, BC Thomsen, RI Killey
10	2011	Ultra-low cost and power VCSEL-based 480Mbit/s UWB radio over a bi-directional CWDM PON	Terence Quinlan, Maria Morant, Roberto Llorente, Stuart Walker
10	2011	Ultra-low leakage and high breakdown Schottky diodes fabricated on free-standing GaN substrate	Yaqi Wang, Siddharth Alur, Yogesh Sharma, Fei Tong, Resham Thapa, Patrick Gartland
10	2011	Ultra-low power arrayed CMOS silicon photonic transceivers for an 80 Gbps WDM optical link	Xuezhe Zheng, Frankie Liu, Jon Lexau, Dinesh Patil, Guoliang Li, Ying Luo
10	2011	Ultra-Low Power Nanomagnet-Based Computing: A System-Level Perspective	Charles Augustine, Xuanyao Fong, Behtash Behin-Aein, Kaushik Roy
12	2011	Ultra-short plasmonic splitters and waveguide cross-over based on coupled surface plasmon slot waveguides.	Yi-Jiao Fang, Zhuo Chen, Ling Chen, Kai-Ting He, Zhen-Lv Han, Zhen-Lin Wang
12	2011	Ultra-short suspended single-wall carbon nanotube transistors	J O Island, V Tayari, S Yiğen, A C McRae, A R Champagne
12	2011	Ultra-strong Adhesion of Graphene Membranes	Steven P Koenig, Narasimha G Boddeti, Martin L Dunn, J Scott Bunch
12	2012	Ultra-tangibles: creating movable tangible objects on interactive tables	Mark T Marshall, Tom Carter, Jason Alexander, Sriram Subramanian
12	2012	Ultra-thin plasmonic optical vortex plate based on phase discontinuities	Patrice Genevet, Nanfang Yu, Francesco Aieta, Jiao Lin, Mikhail A Kats, Romain Blanchard
12	2011	Ultra-thin, gas permeable free-standing and composite membranes for microfluidic lung assist devices.	Ramaswamy Sreenivasan, Erik K Bassett, David M Hoganson, Joseph P Vacanti, Karen K Gleason
13	2011	Ultra-thin-layer chromatography mass spectrometry and thin-layer chromatography mass spectrometry of single peptides of angiotensin-converting enzyme inhibitors.	Irena Vovk, Gordana Popović, Breda Simonovska, Alen Albreht, Danica Agbaba
13	2011	Ultra-Wideband Microwave Image Reconstruction by Robust Capon Beamforming Algorithm for Early Breast Cancer Detection	Bingyu Liu, Xia Xiao, Xu Liu
13	2011	Ultrabright and efficient single-photon generation based on nitrogen-vacancy centres in nanodiamonds on a solid immersion lens	Tim Schröder, Friedemann Gädeke, Moritz Julian Banholzer, Oliver Benson
14	2012	Ultrabroadband light absorption by a sawtooth anisotropic metamaterial slab.	Yanxia Cui, Kin Hung Fung, Jun Xu, Hyungjin Ma, Yi Jin, Sailing He
14	2011	Ultracapacitors for fuel saving in small size hybrid vehicles	L Solero, A Lidozzi, V Serrao, L Martellucci, E Rossi
14	2011	Ultracompact all-optical XOR logic gate in a slow-light silicon photonic crystal waveguide Abstract	C Husko, T D Vo, B Corcoran, J Li, T F Krauss, B J Eggleton
15	2011	Ultracompact and fabrication-tolerant integrated polarization splitter.	A Hosseini, S Rahimi, X Xu, D Kwong, J Covey, R T Chen
15	2011	Ultrafast all-optical implementation of a leaky integrate-and-fire neuron.	Konstantin S Kravtsov, Mable P Fok, Paul R Prucnal, David Rosenbluth
15	2011	Ultrafast all-optical switching by single photons	Thomas Volz, Andreas Reinhard, Martin Winger, Kevin J Hennessy, Evelyn L Hu
16	2011	Ultrafast all-optical switching in nanoplasmonic waveguide with Kerr nonlinear resonator.	Hua Lu, Xueming Liu, Leiran Wang, Yongkang Gong, Dong Mao
17	2011	Ultrafast charge separation at a polymer-single-walled carbon nanotube molecular junction.	Samuel D Stranks, Christian Weisspfennig, Patrick Parkinson, Michael B Johnston, Laura M Herz, Robin J Nicholas
17	2011	Ultrafast compound Doppler imaging: providing full blood flow characterization.	Jeremy Bercoff, Gabriel Montaldo, Thanasis Loupas, David Savery, Fabien Mézière, Mathias Fink
17	2011	Ultrafast direct modulation of a single-mode photonic crystal nanocavity light-emitting diode	Gary Shambat, Bryan Ellis, Arka Majumdar, Jan Petykiewicz, Marie A Mayer, Tomas Sarmiento
17	2011	Ultrafast dynamics of exciton fission in polycrystalline pentacene.	Mark W B Wilson, Akshay Rao, Jenny Clark, R Sai Santosh Kumar, Daniele Brida, Giulio Cerullo
17	2011	Ultrafast dynamics of surface-enhanced Raman scattering due to Au nanostructures.	Ikufumi Katayama, Sho Koga, Ken-ichi Shudo, Jun Takeda, Toru Shimada, Atsushi Kubo
17	2011	Ultrafast electrochemical lithiation of individual Si nanowire anodes.	Xiao Hua Liu, Li Qiang Zhang, Li Zhong, Yang Liu, He Zheng, Jiang Wei Wang
18	2011	Ultrafast energy transfer of one-dimensional excitons between carbon nanotubes: a femtosecond time-resolved luminescence study.	Takeshi Koyama, Yasumitsu Miyata, Koji Asaka, Hisanori Shinohara, Yahachi Saito, Arao Nakamura
18	2011	Ultrafast Exciton Energy Transfer in Bundles of Single-Walled Carbon Nanotubes	Takeshi Koyama, Koji Asaka, Naoki Hikosaka, Hideo Kishida, Yahachi Saito, Arao Nakamura
18	2012	Ultrafast heating as a sufficient stimulus for magnetization reversal in a ferrimagnet	T A Ostler, J Barker, R F L Evans, R W Chantrell, U Atxitia, O Chubykalo-Fesenko
18	2012	Ultrafast hot-carrier-dominated photocurrent in graphene	Dong Sun, Grant Aivazian, Aaron M Jones, Jason S Ross, Wang Yao, David Cobden
19	2011	Ultrafast laser inscription of an integrated multimode-to-single-modes waveguide transition for astrophotonics	R R Thomson, Timothy A Birks, S G Leon-Saval, A K Kar, J Bland-Hawthorn
19	2011	Ultrafast laser inscription of an integrated photonic lantern	R R Thomson, Timothy Birks, S G Leon-Saval, A K Kar, J Bland-Hawthorn
19	2011	Ultrafast magnetization dynamics of spintronic nanostructures.	P S Keatley, V V Kruglyak, P Gangmei, R J Hicken
19	2011	Ultrafast near infrared sintering of TiO2 layers on metal substrates for dye-sensitized solar cells	Trystan Watson, Ian Mabbett, Hongxia Wang, Laurence Peter, David Worsley
20	2011	Ultrafast nonequilibrium carrier dynamics in a single graphene layer	M Breusing, S Kuehn, T Winzer, E Malić, F Milde, N Severin
20	2011	Ultrafast nonlinear optical response of photoconductive ZnO films with fluorine nanoparticles	L Castañeda, R Rangel Rojo, A V Khomenko, Sección De Estudios, De Posgrado, Instituto Politécnico Nacional
20	2012	Ultrafast Optical Excitation of a Persistent Surface-State Population in the Topological Insulator Bi_2Se_3	J Sobota, S Yang, J Analytis, Y Chen, I Fisher, P Kirchmann
20	2011	Ultrafast optical pulse shaping: A tutorial review	Andrew M Weiner
21	2011	Ultrafast photon-photon interaction in a strongly coupled quantum dot-cavity system	Dirk Englund, Arka Majumdar, Michal Bajcsy, Andrei Faraon, Pierre Petroff, Jelena Vuckovic
21	2012	Ultrafast plasmon propagation in nanowires characterized by far-field spectral interferometry.	Christian Rewitz, Thomas Keitzl, Philip Tuchscherer, Jer-Shing Huang, Peter Geisler, Gary Razinskas
21	2012	Ultrafast Polarization Shaping with Fano Plasmonic Crystals	M Shcherbakov, P Vabishchevich, V Komarova, T Dolgova, V Panov, V Moshchalkov
21	2011	Ultrafast Population Encoding by Cortical Neurons	T Tchumatchenko, A Malyshev, F Wolf, M Volgushev
21	2011	Ultrafast Relaxation Dynamics in Graphene Oxide : Evidence of Electron Trapping	Sreejith Kaniyankandy, S N Achary, Sachin Rawalekar, Hirendra N Ghosh
22	2011	Ultrafast room temperature NH3 sensing with positively gated reduced graphene oxide field-effect transistors.	Ganhua Lu, Kehan Yu, Leonidas E Ocola, Junhong Chen
22	2011	Ultrafast surface enhanced resonance Raman scattering detection in droplet-based microfluidic systems.	Michael P Cecchini, Jongin Hong, Chaesung Lim, Jaebum Choo, Tim Albrecht, Andrew J Demello
23	2012	Ultrafast viscous permeation of organic solvents through diamond-like carbon nanosheets.	Santanu Karan, Sadaki Samitsu, Xinsheng Peng, Keiji Kurashima, Izumi Ichinose
23	2011	Ultrahigh density alignment of carbon nanotube arrays by dielectrophoresis.	Shashank Shekhar, Paul Stokes, Saiful I Khondaker
24	2011	Ultrahigh mobility in polymer field-effect transistors by design.	Hoi Nok Tsao, Don M Cho, Insun Park, Michael Ryan Hansen, Alexey Mavrinskiy, Do Y Yoon
24	2011	Ultrahigh resolution focused electron beam induced processing: the effect of substrate thickness.	W F Van Dorp, I Lazić, A Beyer, A Gölzhäuser, J B Wagner, T W Hansen
24	2011	Ultrahigh sensitivity polarimetric strain sensor based upon D-shaped optical fiber and surface plasmon resonance technology.	Yu-Lung Lo, Chin-Ho Chuang, Zheng-Wei Lin
25	2012	Ultrahigh-Density Array of Silver Nanoclusters for SERS Substrate with High Sensitivity and Excellent Reproducibility.	Won Joon Cho, Youngsuk Kim, Jin Kon Kim
25	2011	Ultrahigh-order wave mixing in noncollinear high harmonic generation.	J B Bertrand, H J Wörner, H-C Bandulet, É Bisson, M Spanner, J-C Kieffer
26	2011	Ultralow secondary electron emission of graphene.	Jun Luo, Peng Tian, Cheng-Ta Pan, Alexander W Robertson, Jamie H Warner, Ernie W Hill
27	2011	Ultralow-dark-current Ge photodetector with GeO2 passivation and gas-phase doped junction	M Takenaka, K Morii, M Sugiyama, Y Nakano, S Takagi
27	2011	Ultralow-threshold electrically pumped quantum- dot photonic-crystal nanocavity laser	Bryan Ellis, Marie A Mayer, Gary Shambat, Tomas Sarmiento, James Harris, Eugene E Haller
28	2011	Ultralow-voltage field-ionization discharge on whiskered silicon nanowires for gas-sensing applications.	Ramin Banan Sadeghian, M Saif Islam
28	2011	Ultrasensitive detection of rare mutations using next-generation targeted resequencing	P Flaherty, G Natsoulis, O Muralidharan, M Winters, J Buenrostro, J Bell
28	2011	Ultrasensitive in situ label-free DNA detection using a GaN nanowire-based extended-gate field-effect-transistor sensor.	Chin-Pei Chen, Abhijit Ganguly, Ching-Ying Lu, Ting-Yu Chen, Chun-Chiang Kuo, Reui-San Chen
29	2011	Ultrasensitive, Room Temperature Detection of THz Radiation Using Nonlinear Parametric Conversion	Mohammad Jalal Khan, Jerry C Chen, Zong-Long Liau, Sumanth Kaushik
29	2011	Ultrashort broadband polarization beam splitter based on an asymmetrical directional coupler.	Daoxin Dai, Zhi Wang, John E Bowers
30	2011	Ultrasmall silver nanopores fabricated by femtosecond laser pulses.	F Bian, Y C Tian, R Wang, H X Yang, Hongxing Xu, Sheng Meng
30	2011	Ultrasmall-V high-Q photonic crystal nanobeam microcavities based on slot and hollow-core waveguides.	Ping Yu, Biao Qi, Xiaoqing Jiang, Minghua Wang, Jianyi Yang
31	2011	Ultrasonic attenuation and backscatter from flowing whole blood are dependent on shear rate and hematocrit between 10 and 50 MHz.	Chih-Chung Huang, Yu-Chang Chang
32	2011	Ultrasonic neuromodulation by brain stimulation with transcranial ultrasound.	Yusuf Tufail, Anna Yoshihiro, Sandipan Pati, Monica M Li, William J Tyler
33	2011	Ultrasound Elastography	G Rizzatto
35	2011	Ultrasound-mediated transdermal drug delivery: mechanisms, scope, and emerging trends.	Baris E Polat, Douglas Hart, Robert Langer, Daniel Blankschtein
36	2012	Ultrathin and lightweight organic solar cells with high flexibility	Martin Kaltenbrunner, Matthew S White, Eric D Głowacki, Tsuyoshi Sekitani, Takao Someya, Niyazi Serdar Sariciftci
36	2011	Ultrathin body InAs tunneling field-effect transistors on Si substrates	Alexandra C Ford, Chun Wing Yeung, Steven Chuang, Ha Sul Kim, Elena Plis, Sanjay Krishna
36	2012	Ultrathin fiber probes with extended depth of focus for optical coherence tomography	Dirk Lorenser, Xiaojie Yang, David D Sampson
37	2012	Ultrathin oxide films by atomic layer deposition on graphene.	Luda Wang, Jonathan J Travis, Andrew S Cavanagh, Xinghui Liu, Steven P Koenig, Pinshane Y Huang
37	2011	Ultrathin planar graphene supercapacitors.	Jung Joon Yoo, Kaushik Balakrishnan, Jingsong Huang, Vincent Meunier, Bobby G Sumpter, Anchal Srivastava
37	2011	Ultrathin side-viewing needle probe for optical coherence tomography.	D Lorenser, X Yang, R W Kirk, B C Quirk, R A McLaughlin, D D Sampson
37	2011	Ultrathin transparent Au electrodes for organic photovoltaics fabricated using a mixed mono-molecular nucleation layer	Helena M Stec, Rebecca J Williams, Tim S Jones, Ross A Hatton
39	2012	Ultraviolet surface-enhanced Raman scattering at the plasmonic band edge of a metallic grating.	Nadia Mattiucci, Giuseppe D'Aguanno, Henry O Everitt, John V Foreman, John M Callahan, Milan C Buncick
39	2011	Ultrawidely tunable single-mode fiber acousto-optic filter.	Sun Do Lim, Kyung Jun Park, Sunghoon Eom, Je-Myung Jeong, Byoung Yoon Kim, Sang Bae Lee
41	2011	UMPM benchmark: A multi-person dataset with synchronized video and motion capture data for evaluation of articulated human motion and interaction	N P Van Der Aa, X Luo, G J Giezeman, R T Tan, R C Veltkamp
42	2011	Unbalanced Three-Phase Optimal Power Flow for Smart Grids	Sergio Bruno, Silvia Lamonaca, Giuseppe Rotondo, Ugo Stecchi, Massimo La Scala
44	2011	Uncertainty of the spectral mismatch correction factor in STC measurements on photovoltaic devices	Jochen Hohl-ebinger, Wilhelm Warta
45	2011	Uncertainty propagation techniques in probabilistic design of multilevel systems	Fenfen Xiong, Kun Guo, Wei Zhou
45	2011	Uncertainty quantification in nanomechanical measurements using the atomic force microscope.	Ryan Wagner, Robert Moon, Jon Pratt, Gordon Shaw, Arvind Raman
46	2012	Unconscious priming instructions modulate activity in default and executive networks of the human brain.	Nicola De Pisapia, Massimo Turatto, Pan Lin, Jorge Jovicich, Alfonso Caramazza
46	2011	Unconventional Low-Cost Fabrication and Patterning Techniques for Point of Care Diagnostics	Himanshu Sharma, Diep Nguyen, Aaron Chen, Valerie Lew, Michelle Khine
47	2011	Uncovering auditory evoked potentials form cochlear implant users with independent component analysis	F C Viola, J D Thorne, S Bleeck, J E Eyles, S Debener
47	2011	Uncovering Dynamics of Open Government, Transparency, Participation, and Collaboration	Hans J Jochen Scholl, Luis F Luna-Reyes
47	2011	Uncovering intrinsic connectional architecture of functional networks in awake rat brain.	Zhifeng Liang, Jean King, Nanyin Zhang
48	2012	Uncovering MicroRNA and Transcription Factor Mediated Regulatory Networks in Glioblastoma	Jingchun Sun, Xue Gong, Benjamin Purow, Zhongming Zhao
48	2011	Uncovering Multisensory Processing through Non-Invasive Brain Stimulation	Nadia Bolognini, Angelo Maravita
48	2012	Uncovering spatial topology represented by rat hippocampal population neuronal codes	Zhe Chen, Fabian Kloosterman, Emery N Brown, Matthew A Wilson
48	2011	Uncovering the Global Life Cycles of the Rare Earth Elements	Xiaoyue Du, T E Graedel
48	2011	Uncovering the Temporal Dynamics of Diffusion Networks	Manuel Gomez Rodriguez, David Balduzzi, Bernhard Schölkopf
48	2012	Uncovering, Collecting, and Analyzing Records to Investigate the Ecological Impacts of Climate Change: A Template from Thoreau's Concord	Richard B Primack, Abraham J Miller-Rushing
49	2011	Under the hood at Google and Facebook	David Schneider, Quentin Hardy
49	2011	Underconnected, but how? A survey of functional connectivity MRI studies in autism spectrum disorders.	Ralph-Axel Müller, Patricia Shih, Brandon Keehn, Janae R Deyoe, Kelly M Leyden, Dinesh K Shukla
51	2011	Understanding adoption of energy efficiency technologies: Applying behavioral theories of technology acceptance use to understand the case of led lighting for commercial, residential, and industrial end-users	Kelly R Cowan, Tugrul U Daim
52	2011	Understanding and modeling AC BTI	Hans Reisinger, Tibor Grasser, Karsten Ermisch, Heiko Nielen, Wolfgang Gustin, Christian Schlunder
52	2011	Understanding Asymmetric Transportation Behavior in Graphene Field-Effect Transistors Using Scanning Kelvin Probe Microscopy	W J Liu, H Y Yu, S H Xu, Q Zhang, X Zou, J L Wang
52	2011	Understanding attentional modulation of binocular rivalry: a framework based on biased competition.	Kevin Conrad Dieter, Duje Tadin
53	2011	Understanding Blind Deconvolution Algorithms	Anat Levin, Yair Weiss, Fredo Durand, William T Freeman
53	2011	Understanding broadcast based peer review on open source software projects	Peter C Rigby, Margaret-Anne Storey
53	2011	Understanding Cloud Computing Vulnerabilities	Bernd Grobauer, Tobias Walloschek, Elmar Stocker
53	2012	Understanding Collective Crowd Behaviors : Learning a Mixture Model of Dynamic Pedestrian-Agents	Bolei Zhou, Xiaogang Wang, Xiaoou Tang
53	2011	Understanding complexity in the human brain.	Danielle S Bassett, Michael S Gazzaniga
54	2011	Understanding current causes of women's underrepresentation in science	Stephen J Ceci, Wendy M Williams
54	2011	Understanding depressive rumination from a cognitive science perspective: the impaired disengagement hypothesis.	Ernst H W Koster, Evi De Lissnyder, Nazanin Derakshan, Rudi De Raedt
54	2011	Understanding discrete linear mode coupling in few-mode fiber transmission systems	Jordi Vuong, Petros Ramantanis, Aida Seck, Djalal Bendimerad, Yann Frignac
55	2011	Understanding egocentric activities	Alireza Fathi, Ali Farhadi, James M Rehg
56	2011	Understanding how novices are integrated in a team analysing their tool usage	Ilenia Fronza, Alberto Sillitti, Giancarlo Succi, Jelena Vlasenko
56	2011	Understanding Human-Smartphone Concerns: A Study of Battery Life	Denzil Ferreira, Anind K Dey, Vassilis Kostakos
56	2011	Understanding Inkjet Printed Pattern Generation	Daniel Benjamin Soltman
57	2011	Understanding interpersonal action coordination: an fMRI study.	Hiroshi Shibata, Toshio Inui, Kenji Ogawa
57	2012	Understanding metal doping for organic electron transport layers	Alexander Mityashin, David Cheyns, Barry P Rand, Paul Heremans
58	2011	Understanding Net Zero Energy Buildings: Evaluation of load matching and grid interaction indicators	Building Simulation
58	2011	Understanding Network Failures in Data Centers : Measurement , Analysis , and Implications	Phillipa Gill
59	2011	Understanding psychophysiological response to a Virtual Reality-based social communication system for children with ASD	Uttama Lahiri, Karla Conn Welch, Zachary Warren, Nilanjan Sarkar
59	2011	Understanding scenes on many levels	Joseph Tighe, Svetlana Lazebnik
60	2011	Understanding Slip Perception of Soft Fingertips by Modeling and Simulating Stick-Slip Phenomenon	Van Anh Ho, Shinichi Hirai
60	2011	Understanding systems-level properties: timely stories from the study of clocks.	John B Hogenesch, Hiroki R Ueda
62	2011	Understanding the impact of power loss on flash memory	Hung-Wei Tseng, Laura Grupp, Steven Swanson
62	2011	Understanding the Impact of Video Quality on User Engagement	Florin Dobrian, Asad Awan, Dilip Joseph, Aditya Ganjam, Jibin Zhan, U C Berkeley
62	2011	Understanding the nature of wealth and its effects on human fitness.	Monique Borgerhoff Mulder, Bret A Beheim
63	2011	Understanding the Potential and the Limits of Germanium pMOSFETs for VLSI Circuits From Experimental Measurements	P Magnone, F Crupi, M Alioto, B Kaczer, B De Jaeger
64	2011	Understanding the role of buildings in a smart microgrid	Yuvraj Agarwal, Thomas Weng, Rajesh K Gupta
64	2011	Understanding the role of the sulfide redox couple (S2-/S(n)2-) in quantum dot-sensitized solar cells.	Vidhya Chakrapani, David Baker, Prashant V Kamat
64	2011	Understanding the selective area growth of GaN nanocolumns by MBE using Ti nanomasks	A Bengoechea-Encabo, F Barbagini, S Fernandez-Garrido, J Grandal, J Ristic, M A Sanchez-Garcia
65	2011	Understanding touch	Christian Holz, Patrick Baudisch
65	2011	Understanding traffic dynamics in cellular data networks	Utpal Paul, Anand Prabhu Subramanian, Milind Madhav Buddhikot, Samir R Das
65	2012	Understanding user experience in stereoscopic 3D games	Jonas Schild, Joseph LaViola, Maic Masuch
65	2011	Understanding users' continuance intention in online social networks	Yuan Sun, Zhu Ya-li, Xinmin Peng, Klaus Boehnke
67	2011	Underwater Optical Wireless Channel Modeling Using Monte-Carlo Method	P Sri Saini, Shanthi Prince
69	2011	Unexpected mass acquisition of Dirac fermions at the quantum phase transition of a topological insulator	T Sato, Kouji Segawa, K Kosaka, S Souma, K Nakayama, K Eto
69	2011	Unfiled Notes Page 1 Unfiled Notes Page 2	Samantha Hill
69	2011	Unfolding communities in large complex networks: Combining defensive and offensive label propagation for core extraction	Lovro Šubelj, Marko Bajec
69	2012	Unfolding Visual Lexical Decision in Time	Laura Barca, Giovanni Pezzulo
69	2011	Uni-directional trusted path: Transaction confirmation on just one device	Atanas Filyanov, Jonathan M McCuney, Ahmad-Reza Sadeghiz, Marcel Winandy
70	2011	Unidirectional mechanical amplification as a design principle for an active microphone.	Tobias Reichenbach, A J Hudspeth
71	2011	Unified Analysis of Streaming News	Amr Ahmed, Qirong Ho, Jacob Eisenstein, Eric P Xing, Alexander J Smola, Choon Hui Teo
71	2011	Unified debugging of distributed systems with Recon	Kyu Hyung Lee, Nick Sumner, Xiangyu Zhang, Patrick Eugster
72	2011	Unified model for coordinated control of permanent magnet synchronous wind generator system	Jinmei Chen, Ancheng Xue, Chunguang Tian, Tianshu Bi, Changzheng Gao
73	2012	Unified System-Level Modeling of Intermittent Renewable Energy Sources and Energy Storage for Power System Operation	Kai Heussen, Stephan Koch, Andreas Ulbig, Göran Andersson
74	2011	Uniform Bit and Power Allocation with Subcarrier Selection for Coded OFDM Systems	Hwanjoon Kwon, Bhaskar D Rao
74	2012	Uniform hexagonal graphene flakes and films grown on liquid copper surface	D Geng, B Wu, Y Guo, L Huang, Y Xue, J Chen
74	2012	Uniform mixing in paper-based microfluidic systems using surface acoustic waves.	Amgad R Rezk, Aisha Qi, James R Friend, Wai Ho Li, Leslie Y Yeo
75	2012	Uniform wafer-scale synthesis of graphene on evaporated Cu (111) film with quality comparable to exfoliated monolayer	Li Tao, Milo Holt, Jongho Lee, Harry Chou, Stephen J McDonnell, Domingo A Ferrer
75	2012	Uniform, Dense Arrays of Vertically Aligned, Large-Diameter Single-Walled Carbon Nanotubes.	Zhao Jun Han, Kostya Ken Ostrikov
75	2011	Unifying Gene Expression Measures from Multiple Platforms Using Factor Analysis	Xin Victoria Wang, Roel G W Verhaak, Elizabeth Purdom, Paul T Spellman, Terence P Speed
77	2011	Uninformed Individuals Promote Democratic Consensus in Animal Groups	I D Couzin, C C Ioannou, G Demirel, T Gross, C J Torney, A Hartnett
77	2012	Unipolar transport in bilayer graphene controlled by multiple p-n interfaces	Hisao Miyazaki, Song-lin Li, Shu Nakaharai, Kazuhito Tsukagoshi
78	2011	Unique prospects for graphene-based terahertz modulators	Berardi Sensale-Rodriguez, Tian Fang, Rusen Yan, Michelle M Kelly, Debdeep Jena, Lei Liu
79	2011	Unit cell parameters of wurtzite InP nanowires determined by x-ray diffraction.	D Kriegner, E Wintersberger, K Kawaguchi, J Wallentin, M T Borgström, J Stangl
79	2011	Unit process energy consumption models for material removal processes	S Kara, W Li
79	2011	Unitary response of mouse olfactory receptor neurons	Yair Ben-Chaim, Melody M Cheng, King-Wai Yau
80	2011	United states court of appeals for the ninth circuit	F O R Publication
80	2011	United States of America Department of Health and Human Services support for advancing influenza vaccine manufacturing in the developing world.	Michael L Perdue, Rick A Bright
80	2011	Uniting online social networks with places and things	Michael Blackstock, Rodger Lea, Adrian Friday
80	2011	Unity quantum yield of photogenerated charges and band-like transport in quantum-dot solids	Elise Talgorn, Yunan Gao, Michiel Aerts, Lucas T Kunneman, Juleon M Schins, T J Savenije
81	2012	Universal conditions for exact path integration in neural systems	John B Issa, Kechen Zhang
82	2011	Universal energy-level alignment of molecules on metal oxides	Mark T Greiner, Michael G Helander, Wing-Man Tang, Zhi-Bin Wang, Jacky Qiu, Zheng-Hong Lu
82	2011	Universal evolution of perfect lenses.	W H Wee, J B Pendry
82	2012	Universal formation dynamics and noise of Kerr-frequency combs in microresonators	T Herr, K Hartinger, J Riemensberger, C Y Wang, E Gavartin, R Holzwarth
84	2011	Universal Relation between Heat conduction and Diffusion	Sha Liu, Baowen Li
84	2011	Universal segregation growth approach to wafer-size graphene from non-noble metals.	Nan Liu, Lei Fu, Boya Dai, Kai Yan, Xun Liu, Ruiqi Zhao
84	2011	Universal serial bus based software attacks and protection solutions	Dung Vu Pham, Ali Syed, Malka N Halgamuge
84	2011	Universal spectral dynamics of modulation instability: theory, simulation, experiment	K Hammani, B Wetzel, B Kibler, J Fatome, C Finot, N Akhmediev
85	2011	Universality for the noisy Slepian-Wolf problem via spatial coupling	Arvind Yedla, Henry D Pfister, Krishna R Narayanan
85	2011	Universally manipulable body models—dual quaternion representations in layered and dynamic MMCs	Malte Schilling
86	2011	Universidad politécnica de madrid	A Moral
86	2011	University of Alberta	Ryan Chad Rivest
87	2011	University of Portsmouth PORTSMOUTH Hants	This Article
88	2011	Unlocking Mendelian disease using exome sequencing.	Christian Gilissen, Alexander Hoischen, Han G Brunner, Joris A Veltman
88	2011	Unlocking the full potential of organic light-emitting diodes on flexible plastic	Z B Wang, M G Helander, J Qiu, D P Puzzo, M T Greiner, Z M Hudson
89	2011	Unmanned ground vehicle perception using thermal infrared cameras	Arturo Rankin, Andres Huertas, Larry Matthies, Max Bajracharya, Christopher Assad, Shane Brennan
89	2011	Unmixing dynamic fluorescence diffuse optical tomography images with independent component analysis.	Xin Liu, Fei Liu, Yi Zhang, Jing Bai
90	2011	Unobtrusive Non-Contact Detection of Arrhythmias using a “ Smart ” Bed	Christoph Brüser
90	2011	Unraveling DNA dynamics using atomic force microscopy.	Yuki Suzuki, Yuko Yoshikawa, Shige H Yoshimura, Kenichi Yoshikawa, Kunio Takeyasu
90	2012	Unraveling the acoustic electron-phonon interaction in graphene	Kristen Kaasbjerg, Kristian Thygesen, Karsten Jacobsen
90	2011	Unraveling the biological mechanisms in Alzheimer's disease--lessons from genomics.	Fran Borovecki, Natasa Klepac, Dorotea Muck-Seler, Sanja Hajnsek, Zdenko Mubrin, Nela Pivac
90	2011	Unraveling the distributed neural code of facial identity through spatiotemporal pattern analysis.	Adrian Nestor, David C Plaut, Marlene Behrmann
91	2011	Unraveling the Electronic Properties of the Photoinduced States of the H-Cluster in the [FeFe] Hydrogenase from D. desulfuricans	Alexey Silakov, Edward J Reijerse, Wolfgang Lubitz
91	2012	Unreeling Netflix : Understanding and Improving Multi-CDN Movie Delivery	Vijay Kumar Adhikari, Yang Guo, Fang Hao, Matteo Varvello, Volker Hilt, Moritz Steiner
91	2011	Unscented feature tracking	Leyza Baldo Dorini, Siome Klein Goldenstein
92	2011	Unscented Kalman Filter for frequency and amplitude estimation	Happy Novanda, Pawel Regulski, Francisco M Gonzalez-Longatt, Vladimir Terzija
92	2011	Unscented predictive motion planning of a nonholonomic system	M Farrokhsiar, H Najjaran
92	2011	Unstructured Human Activity Detection from RGBD Images	Jaeyong Sung, Colin Ponce, Bart Selman, Ashutosh Saxena
93	2011	UNSUPERVISED ACOUSTIC SUB-WORD UNIT DETECTION FOR QUERY-BY-EXAMPLE SPOKEN TERM DETECTION	Marijn Huijbregts, Mitchell McLaren, David Van Leeuwen
93	2011	Unsupervised Adaptation to On-body Sensor Displacement in Acceleration-Based Activity Recognition	Hamidreza Bayati, Jose Del R Mill X B N, Ricardo Chavarriaga
94	2012	Unsupervised co-segmentation through region matching	Jose C Rubio, Joan Serrat, L Antonio, Nikos Paragios
94	2011	Unsupervised Construction of an Indoor Floor Plan Using a Smartphone	Hyojeong Shin, Yohan Chon, Hojung Cha
94	2011	Unsupervised disaggregation of appliances using aggregated consumption data	Hugo Gonçalves, Adrian Ocneanu, Mario Bergés, Range Hood Fan
95	2011	Unsupervised discovery of object classes in 3D outdoor scenarios	Frank Moosmann, Miro Sauerland
95	2011	Unsupervised Extraction of Flood-Induced Backscatter Changes in SAR Data Using Markov Image Modeling on Irregular Graphs	Sandro Martinis, André Twele, Stefan Voigt
95	2011	Unsupervised geometry calibration of acoustic sensor networks using source correspondences	Joerg Schmalenstroeer, Florian Jacob, Reinhold Haeb-umbach, Marius H Hennecke, Gernot A Fink
96	2011	Unsupervised Image Matching based on Manifold Alignment	Yuru Pei, Fengchun Huang, Fuhao Shi, Hongbin Zha
96	2012	Unsupervised Indoor Localization	He Wang, Ahmed Elgohary, Romit Roy Choudhury
96	2011	Unsupervised Land Cover Change Detection: Meaningful Sequential Time Series Analysis	Brian P Salmon, Jan Corne Olivier, Konrad J Wessels, Waldo Kleynhans, Frans Van Den Bergh, Karen C Steenkamp
96	2011	Unsupervised learning of hierarchical representations with convolutional deep belief networks	By Honglak Lee, Roger Grosse, Rajesh Ranganath, Andrew Y Ng
97	2012	Unsupervised Learning of Translation Invariant Occlusive Components	Zhenwen Dai
97	2011	Unsupervised Metric Learning for Face Identification in TV Video	Ramazan Gokberk Cinbis, Jakob Verbeek, Cordelia Schmid
98	2012	Unsupervised Object Class Discovery via Saliency-Guided Multiple Class Learning	Jun-yan Zhu, Jiajun Wu, Yichen Wei, Eric Chang, Zhuowen Tu
98	2011	Unsupervised random forest indexing for fast action search	Gang Yu, Junsong Yuan, Zicheng Liu
99	2011	Unsupervised segmentation of randomly switching data hidden with non-Gaussian correlated noise	Pierre Lanchantin, Jérôme Lapuyade-Lahorgue, Wojciech Pieczynski
99	2011	Unsupervised Spatiotemporal Mining of Satellite Image Time Series Using Grouped Frequent Sequential Patterns	Andreea Julea, Nicolas Meger, Philippe Bolon, Christophe Rigotti, Marie-Pierre Doin, C X E Cile Lasserre
100	2011	Untethered microrobot actuated by an electromagnetic field with an acoustically oscillating bubble for bio/micro-object manipulation	J O Kwon, J S Yang, S K Chung
101	2011	Unusual strategies for using indium gallium nitride grown on silicon (111) for solid-state lighting.	Hoon-sik Kim, Eric Brueckner, Jizhou Song, Yuhang Li, Seok Kim, Chaofeng Lu
102	2011	Unveiling the Role of Dps in the Organization of Mycobacterial Nucleoid	Payel Ghatak, Kajari Karmakar, Sanjay Kasetty, Dipankar Chatterji
102	2011	Unvoiced Speech Segregation From Nonspeech Interference via CASA and Spectral Subtraction	Ke Hu, DeLiang Wang
102	2011	Unwrapping low-rank textures on generalized cylindrical surfaces	Zhengdong Zhang, Xiao Liang, Yi Ma
103	2011	Up to 40Gb/s optically amplified AMOOFDM for next generation PON networks	L Anet Neto, P Chanclou, B Charbonnier, N Genay, F Saliou, R Xia
103	2012	Up to the Limits : Autonomous Audi TTS	Joseph Funke, Paul Theodosis, Rami Hindiyeh, Ganymed Stanek, Krisada Kritatakirana, Chris Gerdes
103	2011	Upconversion Nanocrystals: Synthesis, Properties, Assembly and Applications	Danny Vennerberg, Zhiqun Lin
103	2011	Upconversion nanoparticles: synthesis, surface modification and biological applications.	Meng Wang, Gopal Abbineni, April Clevenger, Chuanbin Mao, Shukun Xu
103	2011	Upconversion of infrared photons to visible luminescence using InAs-based quantum structures	David Tex, Itaru Kamiya
104	2011	Update of environmental indicators and energy payback time of CdTe PV systems in Europe	Michael Held, Robert Ilg
104	2011	Update: A 24-year-old woman with intractable seizures: review of surgery for epilepsy.	Donald L Schomer, Peter M Black
104	2011	Updating and validating the Charlson comorbidity index and score for risk adjustment in hospital discharge abstracts using data from 6 countries.	Hude Quan, Bing Li, Chantal M Couris, Kiyohide Fushimi, Patrick Graham, Phil Hider
105	2011	Updating CS capstone projects to incorporate new agile methodologies used in industry	Dean Knudson, Alex Radermacher
105	2011	UPENET ( UPGRADE European NETwork )	Tracey Darch, Laura Davies, Nick Dunn, Rodney Fennemore, Hilary Green, Roger Harris
105	2011	Uplink Component Carrier Selection for LTE-Advanced Systems with Carrier Aggregation	Hua Wang, Claudio Rosa, Klaus Pedersen
105	2011	Uplink interference alignment for OFDM systems	Mohsen Rezaee Kheirabadi, Alireza Ghiamatioun, Said Nader Esfahani
106	2011	Uplink power efficiency of multiuser MIMO with very large antenna arrays	Hien Quoc Ngo, Erik G Larsson, Thomas L Marzetta
106	2011	Upper and lower visual field differences in perceptual asymmetries.	C Chad Woodruff, Tim Martin, Nick Bilyk
106	2011	Upper Bounds on Network Lifetime for Clustered Wireless Sensor Networks	Maciej Nikodem, Bartosz Wojciechowski
107	2011	Upper limb joint angle tracking with inertial sensors	Mahmoud El-Gohary, Lars Holmstrom, Jessie Huisinga, Edward King, James McNames, Fay Horak
107	2011	Upright standing graphene formation on substrates.	Qinghong Yuan, Hong Hu, Junfeng Gao, Feng Ding, Zhifeng Liu, Boris I Yakobson
107	2011	Upslope Walking With a Powered Knee and Ankle Prosthesis: Initial Results With an Amputee Subject	Frank Sup, Huseyin Atakan Varol, Michael Goldfarb
107	2011	Upstream Multi-Wavelength Shared PON with wavelength-tunable self-seeding Fabry-Perot Laser Diode	Min Zhu, Shilin Xiao, Zhao Zhou, Wei Guo, Lilin Yi, He Chen
107	2011	Uptake of arsenate by an alginate-encapsulated magnetic sorbent: process performance and characterization of adsorption chemistry.	Jixi Zhang, Xu Li, Jessica M Rosenholm, Hong-chen Gu
108	2011	Urban canvas: Unfreezing street-view imagery with semantically compressed LIDAR pointclouds	Thommen Korah, Yun-Ta Tsai
108	2011	Urban growth, climate change, and freshwater availability	Robert I McDonald, Pamela Green, Deborah Balk, Balazs M Fekete, Carmen Revenga, Megan Todd
108	2011	Urban pervasive applications: Challenges, scenarios and case studies	Ioannis Chatzigiannakis, Georgios Mylonas, Andrea Vitaletti
109	2011	Urban Transit Coordination Using an Artificial Transportation System	Lefei Li, Han Zhang, Xiaofang Wang, Wei Lu, Zongping Mu
109	2011	Urological applications of single-site laparoscopic surgery	Andrew Symes, Abhay Rane
110	2011	US adolescent nutrition, exercise, and screen time baseline levels prior to national recommendations.	Jennifer L Foltz, Stephen R Cook, Peter G Szilagyi, Peggy Auinger, Patricia A Stewart, Sophie Bucher
110	2011	Us'em: The user-centered design of a device for motivating stroke patients to use their impaired arm-hand in daily life activities	Panos Markopoulos, Annick A A Timmermans, Luuk Beursgens, Rik Van Donselaar, Henk A M Seelen
110	2011	Usability of authentication and access control: A case study in healthcare	A Ferreira, R Cruz-Correia, L Antunes
110	2011	Usability of one handed interaction methods for hand-held projection-based augmented reality	Jinhyuk Choi, Youngsun Kim, Gerard J Kim
111	2011	Usable Gestures for Blind People : Understanding Preference and Performance	Shaun K Kane, Jacob O Wobbrock, Richard E Ladner
111	2011	Usable Speech Processing: A Filterless Approach in the Presence of Interference	Brett Smolenski, Ravi Ramachandran
111	2011	Usages of DASH for Rich Media Services	Cyril Concolato, Romain Bouqueau, Jean Le Feuvre
112	2011	Use case analysis of real-time low voltage network management	S Repo, D Della Giustina, G Ravera, L Cremaschini, S Zanini, J M Selga
112	2011	Use of a high-throughput screening approach coupled with in vivo zebrafish embryo screening to develop hazard ranking for engineered nanomaterials.	Saji George, Tian Xia, Robert Rallo, Yan Zhao, Zhaoxia Ji, Sijie Lin
112	2012	Use of a lensed fiber for a large-field-of-view	David R Rivera, Christopher M Brown, Dimitre G Ouzounov, Watt W Webb, Chris Xu
112	2011	Use of a novel micro-fluidic device to create arrays for multiplex analysis of large and small molecular weight compounds by surface plasmon resonance.	Katrina Campbell, Terry McGrath, Stefan Sjölander, Thord Hanson, Mattias Tidare, Osten Jansson
113	2011	Use of an AC electric field in galvanotactic on/off switching of the motion of a microstructure blotted by Serratia marcescens	D L Fan, F Q Zhu, R C Cammarata, C L Chien
114	2012	Use of Building Typologies for Energy Performance Assessment of National Building Stocks . Existent Experiences in European Countries and Common Approach	Hubert Despretz, Michael Hanratty
115	2011	Use of flexible micro-temperature sensor to determine temperature in situ and to simulate a proton exchange membrane fuel cell	Chi-Yuan Lee, Fang-Bor Weng, Chin-Hsien Cheng, Huan-Ruei Shiu, Shiqah-Ping Jung, Wen-Chen Chang
115	2011	Use of florbetapir-PET for imaging beta-amyloid pathology.	Christopher M Clark, Julie A Schneider, Barry J Bedell, Thomas G Beach, Warren B Bilker, Mark A Mintun
115	2011	Use of global positioning systems to study physical activity and the environment: a systematic review.	Patricia J Krenn, Sylvia Titze, Pekka Oja, Andrew Jones, David Ogilvie
116	2011	Use of high-resolution multispectral imagery acquired with an autonomous unmanned aerial vehicle to quantify the spread of an invasive wetlands species	Bushra Zaman, Austin M Jensen, Mac McKee
117	2011	Use of mobile phones and risk of brain tumours: update of Danish cohort study	P Frei, A H Poulsen, C Johansen, J H Olsen, M Steding-Jessen, J Schuz
118	2011	Use of operative laparoscopes in single-port surgery: The forgotten tool	Arjun Khosla, Todd A Ponsky
118	2012	Use of Prosody and Information Structure in High Functioning Adults with Autism in Relation to Language Ability	Anne-Marie R DePape, Aoju Chen, Geoffrey B C Hall, Laurel J Trainor
119	2011	Use of real-time/historical database in Smart Grid	Jianming Qiu, Jizhen Liu, Yuebin Hou, Jianhua Zhang
119	2011	Use of Saliva for Early Dengue Diagnosis	Grace Yap, Bijon Kumar Sil, Lee-Ching Ng
119	2011	Use of SPLE to Deliver Custom Solutions at Product Cost – Challenges and a Way Forward	Vinay Kulkarni
120	2011	Use of supplementary rotor current control in DFIG to augment fault ride through of wind farm as per grid requirement	K E Okedu, S M Muyeen, R Takahashi, J Tamura
120	2011	Use of support vector machine for wind speed prediction	Patil SangitaB, Surekha R Deshmukh
120	2012	Use of the Argus II Retinal Prosthesis to Improve Visual Guidance of Fine Hand Movements	Michael P Barry, Gislin Dagnelie
122	2011	Use of ureteral stent in extracorporeal shock wave lithotripsy for upper urinary calculi: a systematic review and meta-analysis.	Shen Pengfei, Jiang Min, Yang Jie, Li Xiong, Li Yutao, Wei Wuran
122	2011	Use of Wavelet transforms for interference mitigation	Fabio Dovis, Luciano Musumeci
124	2011	User Arrival in MIMO Interference Alignment Networks	Behrang Nosrat-Makouei, Jeffrey G Andrews, Robert W Heath
124	2011	User behavior prediction for energy management in smart homes	Kaibin Bao, Florian Allerding, Hartmut Schmeck
124	2011	User Experience and Experience Design	Marc Hassenzahl
125	2011	User experiences with augmented reality aided navigation on phones	Alessandro Mulloni, Hartmut Seichter, Dieter Schmalstieg
125	2011	User Fairness-Empowered Power Coordination in OFDMA Downlink	Zhenning Shi, Yajuan Luo, Lin Huang, Daqing Gu
125	2011	User information fusion decision making analysis with the C-OODA model	Erik P Blasch, Pierre Valin, Eloi Bosse
125	2011	User Interaction Interface for Energy Management in Smart Homes	Birger Becker, Anna Kellerer
126	2011	User modeling for activity recognition and support in Ambient Assisted Living	Shabbir Hossain, Pedro Valente, Kasper Hallenborg, Yves Demazeau
128	2011	User-Centered Non-Intrusive Electricity Load Monitoring for Residential Buildings	Mario Berges, Ethan Goldman, H Scott Matthews, Lucio Soibelman, Kyle Anderson
128	2011	User-centred process for the definition of free-hand gestures applied to controlling music playback	Andreas Löcken, Tobias Hesselmann, Martin Pielot, Niels Henze, Susanne Boll
128	2011	User-centric data dissemination in disruption tolerant networks	Wei Gao, Guohong Cao
128	2011	User-Friendly Tail Bounds for Sums of Random Matrices	Joel A Tropp
129	2011	User-Level Sentiment Analysis Incorporating Social Networks	Chenhao Tan, Lillian Lee
129	2011	USES, BENEFITS AND CHALLENGES OF PUBLIC ACCESS POINTS IN THE FACE OF GROWTH OF MOBILE TECHNOLOGY	Wallace Chigona, Ofentse Lekwane, Kim Westcott, Agnes Chigona
129	2011	Using "off-the-shelf" tools for terabyte-scale waveform recording in intensive care: computer system design, database description and lessons learned.	Anton Burykin, Tyler Peck, Timothy G Buchman
130	2011	Using 915 nm laser excited Tm³+/Er³+/Ho³+- doped NaYbF4 upconversion nanoparticles for in vitro and deeper in vivo bioimaging without overheating irradiation.	Qiuqiang Zhan, Jun Qian, Huijuan Liang, Gabriel Somesfalean, Dan Wang, Sailing He
132	2011	Using adaptive four-band OFDM modulation with 40 Gb/s downstream and 10 Gb/s upstream signals for next generation long-reach PON	C H Yeh, C W Chow, H Y Chen, B W Chen
132	2011	Using agility to build robust, real-time platforms for smart grid software services	Q Binh Dam, Lance Gleason, Vaughn McMullin
133	2011	Using an ECG reference ontology for semantic interoperability of ECG data.	Bernardo Gonçalves, Giancarlo Guizzardi, José G Pereira Filho
135	2011	Using Big Data for Smarter Decision Making	Colin White
135	2011	Using biological knowledge to uncover the mystery in the search for epistasis in genome-wide association studies.	Marylyn D Ritchie
135	2011	Using Brain–Computer Interfaces and Brain-State Dependent Stimulation as Tools in Cognitive Neuroscience	Ole Jensen, Ali Bahramisharif, Robert Oostenveld, Stefan Klanke, Avgis Hadjipapas, Yuka O Okazaki
136	2011	Using citizen science programs to identify host resistance in pest-invaded forests.	Laura L Ingwell, Evan L Preisser
136	2011	Using clipping and filtering algorithm to reduce PAPR of OFDM system	Xiaoming Zhong, Jing Qi, Jie Bao
136	2011	Using co-solvents and high throughput to maximize protein resistance for poly(ethylene glycol)-grafted poly(ether sulfone) UF membranes	Philip S Yune, James E Kilduff, Georges Belfort
137	2011	Using computational patients to evaluate illness mechanisms in schizophrenia.	Ralph E Hoffman, Uli Grasemann, Ralitza Gueorguieva, Donald Quinlan, Douglas Lane, Risto Miikkulainen
137	2012	Using Context-Aware Collaborative Filtering for POI Recommendations in Mobile Guides	Using Context-aware Collaborative, P O I Recommendation, Guides In, F Ortag, Haosheng Huang, Georg Gartner
137	2011	Using Continua Health Alliance Standards - Implementation and Experiences of IEEE 11073	Marian Benner, Lothar Schope
137	2011	Using contract-based component specifications for virtual integration testing and architecture design	Werner Damm, Hardi Hungar, Bernhard Josko, Thomas Peikenkamp, Ingo Stierand
137	2011	Using control genes to correct for unwanted variation in microarray data.	Johann A Gagnon-Bartsch, Terence P Speed
137	2011	Using Cooperative Water Quality Data for a Holistic Understanding of Rivers and Streams : A Study of the Neponset River , Massachusetts	Jennifer Saleem Arrigo
138	2011	Using cross-validation to evaluate predictive accuracy of survival risk classifiers based on high-dimensional data.	Richard M Simon, Jyothi Subramanian, Ming-Chung Li, Supriya Menezes
138	2011	Using data mining techniques in monitoring diabetes care. The simpler the better?	Dario Gregori, Michele Petrinco, Simona Bo, Rosalba Rosato, Eva Pagano, Paola Berchialla
139	2011	Using Depth Information to Improve Face Detection	Walker Burgin, Caroline Pantofaru, William D Smart, Menlo Park, St Louis
139	2011	Using digital time-lapse cameras to monitor species-specific understorey and overstorey phenology in support of wildlife habitat assessment.	Christopher W Bater, Nicholas C Coops, Michael A Wulder, Thomas Hilker, Scott E Nielsen, Greg McDermid
140	2011	Using egocentric vision to achieve robust inertial body tracking under magnetic disturbances	Gabriele Bleser, Gustaf Hendeby, Markus Miezal
140	2011	Using Electric Vehicles to Meet Balancing Requirements Associated with Wind Power	F Tuffner, Michael Kintner-Meyer
140	2011	Using electric vehicles to mitigate imbalance requirements associated with an increased penetration of wind generation	F K Tuffner, M Kintner-Meyer
140	2011	Using electronic health records to drive discovery in disease genomics.	Isaac S Kohane
141	2011	Using Facial Symmetry to Handle Pose Variations in Real-World 3D Face Recognition	Georgios Passalis, Panagiotis Perakis, Theoharis Theoharis, Ioannis A Kakadiaris
142	2011	Using Focused Plenoptic Cameras for Rich Image Capture	T Georgiev, A Lumsdaine, G Chunev
142	2011	Using Fourier Descriptors and Spatial Models for Traffic Sign Recognition	Fredrik Larsson, Michael Felsberg
142	2011	Using Functional Programming to Generate an LDPC Forward Error Corrector	Andy Gill, Tristan Bull, Dan DePardo, Andrew Farmer, Ed Komp, Erik Perrins
142	2012	Using Gene Expression Noise to Understand Gene Regulation	B Munsky, G Neuert, A Van Oudenaarden
143	2011	Using Genetic Algorithm in the Evolutionary Design of Sequential Logic Circuits	Parisa Soleimani, Reza Sabbaghi-Nadooshan, Sattar Mirzakuchaki, Mahdi Bagheri
144	2011	Using heat pump energy storages in the power grid	T S Pedersen, P Andersen, K M Nielsen, H L Starmose, P D Pedersen
144	2011	Using Hidden Markov Models for Iterative Non-intrusive Appliance Monitoring	Oliver Parson, Siddhartha Ghosh, Mark Weal, Alex Rogers
145	2011	Using home routers as proxies for energy-efficient bittorrent downloads to mobile phones	Imre Kelényi, Ákos Ludányi, Jukka Nurminen
145	2011	Using human motion estimation for human-robot cooperative manipulation	Anand Thobbi, Ye Gu, Weihua Sheng
145	2011	Using impact analysis in industry	Robert Goeritzer
146	2011	Using internet enabled mobile devices and social networking technologies to promote exercise as an intervention for young first episode psychosis patients	Eoin Killackey, Anna Lee Anda, Martin Gibbs, Mario Alvarez-Jimenez, Andrew Thompson, Pamela Sun
146	2012	Using ipsilateral motor signals in the unaffected cerebral hemisphere as a signal platform for brain–computer interfaces in hemiplegic stroke survivors	David T Bundy, Mark Wronkiewicz, Mohit Sharma, Daniel W Moran, Maurizio Corbetta, Eric C Leuthardt
146	2011	Using K-Shortest Paths Optimization	Pascal Fua, Senior Member, Engin Tu
146	2011	Using Kinect for hand tracking and rendering in wearable haptics	Valentino Frati, Domenico Prattichizzo
147	2011	Using learning style-based diagnosis tool to enhance collaborative learning in an undergraduate engineering curriculum	Chenn-Jung Huang, Jia-Jian Liao, Hung-Yen Shen, Nwe Ni Aye, Yu-Wu Wang, Hong-Xin Chen
147	2011	Using Lidar and Radar measurements to constrain predictions of forest ecosystem structure and function.	Alexander S Antonarakis, Sassan S Saatchi, Robin L Chazdon, Paul R Moorcroft
148	2012	Using magnetic RAM to build low-power and soft error-resilient L1 cache	Hongbin Sun, Chuanyin Liu, Wei Xu, Jizhong Zhao, Nanning Zheng, Tong Zhang
148	2011	Using magnetic resonance phase-contrast velocity mapping for diagnosing pelvic congestion syndrome.	L Q Meneses, S Uribe, C Tejos, M E Andía, M Fava, P Irarrazaval
148	2011	Using Mathematical Modeling in Provisioning a Heterogeneous Cloud Computing Environment	Sungkap Yeo, Hsien-Hsin Lee
149	2011	Using mobile GPU for general-purpose computing a case study of face recognition on smartphones	Kwang-Ting Tim Cheng, Yi-Chu Wang
149	2011	Using Mobile Phones to Engage Citizen Scientists in Research	Eric A Graham, Sandra Henderson, Annette Schloss
149	2011	Using Mobile Phones to Write in Air	Sandip Agrawal, Ionut Constandache, Shravan Gaonkar, Romit Roy Choudhury, Kevin Caves, Frank DeRuyter
150	2011	Using multiple microenvironments to find similar ligand-binding sites: application to kinase inhibitor binding.	Tianyun Liu, Russ B Altman
151	2011	Using nano-QSAR to predict the cytotoxicity of metal oxide nanoparticles.	Tomasz Puzyn, Bakhtiyor Rasulev, Agnieszka Gajewicz, Xiaoke Hu, Thabitha P Dasari, Andrea Michalkova
151	2011	Using NMOS transistors as switches for accuracy and area-efficiency in large-scale addressable test array	Weiwei Pan, Jie Ren, Yongjun Zheng, Zheng Shi, Xiaolang Yan
152	2011	Using non-rigid image registration and Thin-Plate Spline warping for lung cancer progression assessment	Dawood M S Almasslawi, Ehsanollah Kabir
153	2011	Using Partially Overlapped Channels for End-to-End Flow Allocation and Channel Assignment in Wireless Mesh Networks	Vibhav Bukkapatanam, A Antony Franklin, C Siva Ram Murthy
154	2011	Using personal glucose meters and functional DNA sensors to quantify a variety of analytical targets.	Yu Xiang, Yi Lu
155	2011	Using Proximity to Predict Activity in Social Networks	Kristina Lerman, Marina Rey, Suradej Intagorn, Jeon-hyung Kang
155	2011	Using pulse oximetry to account for high and low frequency physiological artifacts in the BOLD signal.	Timothy D Verstynen, Vibhas Deshpande
157	2011	Using Repeated Cross-Sections to Explore Movements in and out of Poverty	Peter Lanjouw, David Mckenzie
157	2011	Using robots to help people habituate to visible disabilities	Laurel D Riek, Peter Robinson
160	2011	Using SOA in Critical-Embedded Systems	Douglas Rodrigues, Rayner De Melo Pires, Julio Cezar Estrella, Emerson Alberto Marconato, Onofre Trindade Junior, Kalinka Regina Lucas Jaquie Castelo Branco
160	2011	Using Social Networking Technology to Enhance Learning in Higher Education: A Case Study Using Facebook	Peter Ractham, Daniel Firpo
160	2011	Using software evolution history to facilitate development and maintenance	Pamela Bhattacharya
160	2011	Using spatial augmented reality for appliance design	Stewart Von Itzstein, Bruce H Thomas, Ross T Smith, Sandy Walker
161	2011	Using Stochastic Causal Trees to Augment Bayesian Networks for Modeling eQTL Datasets	Kyle C Chipman, Ambuj K Singh
162	2011	Using the Acropora digitifera genome to understand coral responses to environmental change.	Chuya Shinzato, Eiichi Shoguchi, Takeshi Kawashima, Mayuko Hamada, Kanako Hisata, Makiko Tanaka
162	2011	USING THE BLACKBERRY TO ASSESS MOBILITY FOR REHABILITATION	H H Wua, E Lemaireb, N Baddoura
163	2011	Using the electrocorticographic speech network to control a brain-computer interface in humans.	Eric C Leuthardt, Charles Gaona, Mohit Sharma, Nicholas Szrama, Jarod Roland, Zac Freudenberg
163	2011	USING THE MIPv6 PROTOCOL FOR COMMUNICATION WITH UAV, AIMING TO UPDATE EMBEDDED WEATHER FORECAST MODELS	Magali Andreia Rossi, Jorge Rady De Almeida, Francisco Ravier Ramirez Fernandez, Mario Corrêa, João Batista De Camargo
164	2011	Using theoretical models to analyse neural development.	Arjen Van Ooyen
165	2011	Using transcranial magnetic stimulation methods to probe connectivity between motor areas of the brain	JC Rothwell
166	2011	Using vehicle-to-grid technology for frequency regulation and peak-load reduction	Corey D White, K Max Zhang
168	2011	Utility based node selection scheme for cooperative localization	Senka Hadzic, Jonathan Rodriguez
168	2011	Utility Maximization in LTE-Advanced Systems with Carrier Aggregation	Yuanye Wang, Klaus I Pedersen, Troels B Sørensen, Preben E Mogensen
169	2011	Utility of Combinations of Biomarkers, Cognitive Markers, and Risk Factors to Predict Conversion From Mild Cognitive Impairment to Alzheimer Disease in Patients in the Alzheimer's Disease Neuroimaging Initiative	Jesus J Gomar, Maria T Bobes-Bascaran, Concepcion Conejero-Goldberg, Peter Davies, Terry E Goldberg
169	2011	Utility of Human-Computer Interactions: Toward a Science of Preference Measurement	Michael Toomim, Travis Kriplean, Claus Pörtner, James A Landay
169	2011	Utility optimization for dynamic peer-to-peer networks with tit-for-tat constraints	Michael J Neely, Leana Golubchik
170	2011	Utility-based resource allocation for mixed traffic in wireless networks	Li Chen, Bin Wang, Xiaohang Chen, Xin Zhang, Dacheng Yang
170	2011	Utility-Optimal Multi-Pattern Reuse in	Multi-cell Networks, Kyuho Son, Yung Yi, Song Chong
171	2011	Utilization of FPAA Technology for Emulation of Multiscale Power System Dynamics in Smart Grids	Anthony S Deese, Chika O Nwankpa
171	2012	Utilization of Matching Score Vector Similarity Measures in Biometric Systems	Xi Cheng, Sergey Tulyakov, Venu Govindaraju
172	2011	Utilizing media arts principles for developing effective interactive neurorehabilitation systems	Thanassis Rikakis
172	2011	Utilizing SOA-ready devices for virtual power plant control in semantic-enabled Smart Grid Analyzing IEC 61850 and OPC UA integration methodology	Stjepan Sucic, Ante Martinic, Denis Francesconi
172	2011	Utilizing Social Influence in Content Distribution Networks	Hossam Sharara, Cedric Westphal, Svetlana Radosavac, Ulas C Kozat
172	2011	Utilizing temporal information in fMRI decoding: Classifier using kernel regression methods.	C Chu, J Mourao-Miranda, YC Chiu, N Kriegeskorte, G Tan, J Ashburner
174	2011	UWB FAST-HOPPING CARRIER FREQUENCY GENERATOR	Arjuna Marzuki, Zaliman Sauli, Ali Yeon Md Shakaff
174	2011	UWB-based Wireless Body Area Networks channel modeling and performance evaluation	Xiyu Lu, Xinlei Chen, Guang Sun, Depeng Jin, Ning Ge, Lieguang Zeng
